# -*- coding: utf-8 -*-

# Resource object code
#
# Created by: The Resource Compiler for PyQt5 (Qt v5.15.13)
#
# WARNING! All changes made in this file will be lost!

from PyQt5 import QtCore

qt_resource_data = b"\
\x00\x00\x29\xae\
\x89\
\x50\x4e\x47\x0d\x0a\x1a\x0a\x00\x00\x00\x0d\x49\x48\x44\x52\x00\
\x00\x02\x00\x00\x00\x02\x00\x08\x06\x00\x00\x00\xf4\x78\xd4\xfa\
\x00\x00\x00\x04\x73\x42\x49\x54\x08\x08\x08\x08\x7c\x08\x64\x88\
\x00\x00\x00\x09\x70\x48\x59\x73\x00\x00\x0b\x13\x00\x00\x0b\x13\
\x01\x00\x9a\x9c\x18\x00\x00\x00\x19\x74\x45\x58\x74\x53\x6f\x66\
\x74\x77\x61\x72\x65\x00\x77\x77\x77\x2e\x69\x6e\x6b\x73\x63\x61\
\x70\x65\x2e\x6f\x72\x67\x9b\xee\x3c\x1a\x00\x00\x20\x00\x49\x44\
\x41\x54\x78\x9c\xed\xdd\x79\x98\x65\x55\x79\xa8\xf1\xb7\xab\x9b\
\x96\xb9\x69\x5a\x06\x51\xb4\x41\x06\x65\x70\x00\x14\x10\x51\x40\
\x93\x28\x22\x68\x14\x25\x26\xd1\x44\x8d\x24\x7a\xa3\xc6\x6b\x14\
\xd0\x5c\xa7\x38\x0f\xc8\x8d\x11\x71\x9e\x8d\x72\xc5\x2b\x93\x43\
\x50\x01\x05\x54\x44\x14\x45\x11\x04\x11\x10\x19\xa4\x81\xa6\x81\
\x6e\xba\xbb\x2a\x7f\xac\x2a\x2c\x8b\x1a\x4e\x9d\x6f\xed\xbd\xf6\
\x39\xeb\xfd\x3d\xcf\xf7\xb4\x21\xbd\xf7\xfa\xd6\x39\xbb\xd7\xfe\
\xce\x1e\xd6\x02\x49\x92\x24\x49\x92\x24\x49\x92\x24\x49\x92\x24\
\x49\x92\x24\x49\x92\x24\x49\x92\x24\x49\x92\x24\x49\x92\x24\x49\
\x92\x24\x49\x92\x24\x49\x92\x24\x49\x92\x24\x49\x92\x24\x49\x92\
\x24\x49\x92\x24\x49\x92\x24\x49\x92\x24\x49\x92\x24\x49\x92\x24\
\x49\x92\x24\x49\x92\x24\x49\x92\x24\x49\x92\x24\x49\x92\x24\x49\
\x92\x24\x49\x92\x24\x49\x92\x24\x49\x92\x24\x49\x92\x24\x49\x92\
\xe6\x6d\x41\xe9\x04\x0a\x1b\x01\x8e\x02\xfe\x0a\xd8\x1b\xd8\x1a\
\x58\x58\x34\x23\xf5\x62\x35\x70\x1d\xf0\x2d\xe0\x24\xe0\xe2\x86\
\xda\x59\x06\xfc\x13\x70\x38\xb0\x13\xb0\xb4\xa1\x76\x94\xd7\xad\
\xc0\x15\xc0\xa9\xc0\x89\xc0\x8a\x86\xda\xd9\x0b\x78\x09\xf0\x24\
\xe0\x41\xc0\x86\x0d\xb5\xa3\x7c\xd6\x03\x37\x01\x3f\x02\xbe\x00\
\x7c\x11\x18\x2d\x9a\x91\x8a\x78\x28\xf0\x63\x60\xcc\x18\xe8\x58\
\x0f\x7c\x10\x58\x4c\x5e\xcf\x25\x9d\x48\x4a\xf7\xcf\x88\xc5\xad\
\xc0\x73\xc8\x6b\x31\xf0\x21\xd2\x89\xa3\x74\xff\x8c\x58\x5c\x04\
\xec\x88\xaa\xf2\x50\x52\x15\x58\xfa\xe0\x33\xf2\xc5\xe9\xe4\xbb\
\x7a\xf3\x62\x1c\xdc\x87\x29\x46\x81\x17\x91\xc7\x42\xe0\x8c\x0e\
\xf4\xc9\xc8\x17\x37\x61\x11\x50\x8d\x85\xa4\x4b\xc6\xa5\x0f\x3a\
\x23\x7f\x1c\x47\xdc\x9e\xc0\x9a\x0e\xf4\xc5\xc8\x1b\x6b\x80\xdd\
\x89\xfb\xb7\x0e\xf4\xc5\xc8\x1f\x17\x91\x6e\x09\x6b\xc8\x3d\x8f\
\xf2\x07\x9b\xd1\x4c\xac\x24\x7e\x9f\xfe\x2b\x1d\xe8\x87\xd1\x4c\
\x9c\x42\xcc\x96\xc0\x1d\x1d\xe8\x87\xd1\x4c\x1c\x45\x65\x6a\xac\
\x78\x9e\x57\x3a\x01\x35\x66\x33\xe0\xb0\xc0\xf6\x4b\x80\x43\x33\
\xe5\xa2\xee\x39\x0c\xd8\x22\xb0\xfd\xe1\xc0\xa6\x99\x72\x51\xf7\
\xfc\x55\xe9\x04\xda\x56\x63\x01\xb0\x77\xe9\x04\xd4\xa8\xc8\xf7\
\xbb\x27\xf9\x1f\x26\x54\x77\x6c\x00\xec\x11\xd8\x7e\xaf\x5c\x89\
\xa8\x93\xf6\x29\x9d\x40\xdb\x6a\x2c\x00\xb6\x2a\x9d\x80\x1a\xb5\
\x4d\x60\xdb\xad\xb3\x65\xa1\xae\x8a\x7c\xc7\x8e\x1d\xc3\x2d\x32\
\x76\x0c\xa4\x1a\x0b\x00\xdf\xf3\x1f\x6e\x91\xef\xd7\x63\x63\xf8\
\x2d\x0a\x6c\xeb\xf1\x31\xdc\xaa\xfb\x7e\x6b\x2c\x00\x24\x49\xaa\
\x9e\x05\x80\x24\x49\x15\xb2\x00\x90\x24\xa9\x42\x16\x00\x92\x24\
\x55\xc8\x02\x40\x92\xa4\x0a\x59\x00\x48\x92\x54\x21\x0b\x80\xf9\
\x59\xd0\x50\x44\x26\x27\xb9\x74\x00\xdb\x9d\x2b\x9e\x1b\xc8\xab\
\x94\x2f\xd1\xdc\xe7\xf1\xa6\x40\x5e\x6f\x1a\xc0\x76\xe7\x8a\x93\
\x03\x79\x95\xf2\x1c\x9a\xfb\x3c\x2e\x0d\xe4\xb5\xc7\x00\xb6\x3b\
\x57\xa8\x47\x16\x00\x92\x24\x55\xc8\x02\x40\x92\xa4\x0a\x59\x00\
\x48\x92\x54\x21\x0b\x00\x49\x92\x2a\x64\x01\x20\x49\x52\x85\x2c\
\x00\x24\x49\xaa\x90\x05\x80\x24\x49\x15\xb2\x00\x90\x24\xa9\x42\
\x16\x00\x92\x24\x55\xc8\x02\x40\x92\xa4\x0a\x59\x00\x48\x92\x54\
\x21\x0b\x00\x49\x92\x2a\x64\x01\x20\x49\x52\x85\x2c\x00\x24\x49\
\xaa\x90\x05\x80\x24\x49\x15\xb2\x00\x90\x24\xa9\x42\x16\x00\x92\
\x24\x55\xc8\x02\x40\x92\xa4\x0a\x59\x00\x48\x92\x54\x21\x0b\x00\
\x49\x92\x2a\x64\x01\x20\x49\x52\x85\x2c\x00\x24\x49\xaa\x90\x05\
\x80\x24\x49\x15\xb2\x00\x90\x24\xa9\x42\x16\x00\x92\x24\x55\xc8\
\x02\x40\x92\xa4\x0a\x59\x00\x48\x92\x54\x21\x0b\x00\x49\x92\x2a\
\x64\x01\x20\x49\x52\x85\x2c\x00\x24\x49\xaa\x90\x05\x80\x24\x49\
\x15\xb2\x00\x90\x24\xa9\x42\x16\x00\x92\x24\x55\xc8\x02\x40\x92\
\xa4\x0a\x59\x00\x48\x92\x54\x21\x0b\x00\x49\x92\x2a\xb4\xa8\x74\
\x02\x0a\x5b\x0c\xec\xd8\xe7\xb6\x0f\xca\x99\x88\x3a\x69\x29\xfd\
\x1f\x1f\x4b\x73\x26\xa2\x4e\x7a\x10\x70\x77\x9f\xdb\x2e\xce\x99\
\x88\xda\x67\x01\x30\xf8\x76\x06\xae\x2c\x9d\x84\x3a\xeb\xe5\xe3\
\x21\x4d\xe7\xeb\xa5\x13\x50\x39\xde\x02\x90\x24\xa9\x42\x16\x00\
\x92\x24\x55\xc8\x02\x40\x92\xa4\x0a\x59\x00\x48\x92\x54\x21\x0b\
\x00\x49\x92\x2a\x64\x01\x20\x49\x52\x85\x2c\x00\xba\xe1\x9e\xd2\
\x09\xf4\x61\x10\x73\x1e\x54\x83\xf8\x59\x0f\x62\xce\x83\x6a\x6d\
\xe9\x04\xfa\xe0\xf1\xd1\x01\x16\x00\xdd\x70\x43\xe9\x04\xfa\xf0\
\xfb\xd2\x09\x54\x64\x10\x8f\x8f\xeb\x4b\x27\x50\x91\x41\xfb\xb7\
\x38\xc6\xe0\xe5\x3c\x94\x2c\x00\xba\xe1\x0e\xe0\xa7\xa5\x93\x98\
\xa7\xef\x96\x4e\xa0\x22\xe7\x96\x4e\xa0\x0f\xe7\x95\x4e\xa0\x22\
\x83\xf6\x59\x5f\x0c\xac\x2a\x9d\x84\x2c\x00\xba\xe4\x93\xa5\x13\
\x98\x87\x35\xc0\x17\x4a\x27\x51\x91\x5f\x03\xe7\x97\x4e\x62\x1e\
\xbe\x07\x5c\x51\x3a\x89\x8a\x7c\x8e\xc1\xba\xa4\xfe\xa9\xd2\x09\
\x28\xb1\x00\xe8\x8e\x13\x81\x5f\x95\x4e\xa2\x47\xc7\x03\xbf\x2d\
\x9d\x44\x65\x5e\x0d\xac\x2b\x9d\x44\x0f\xd6\x92\x72\x55\x7b\xae\
\x06\x4e\x28\x9d\x44\x8f\x7e\x09\x9c\x54\x3a\x09\x25\x16\x00\xdd\
\xb1\x06\x38\x02\xb8\xb1\x74\x22\x73\x38\x03\xf8\xb7\xd2\x49\x54\
\xe8\x02\xe0\x65\xc0\x68\xe9\x44\x66\x31\x4a\xca\xf1\x07\xa5\x13\
\xa9\xd0\x71\xc0\x99\xa5\x93\x98\xc3\x0d\xc0\x33\x48\x63\x9d\x3a\
\xc0\x02\xa0\x5b\x7e\x05\x3c\x16\xf8\x4e\xe9\x44\xa6\x71\x0f\xf0\
\x0e\xd2\x3f\xe0\x41\xf8\x25\x3a\x8c\x3e\x4c\xfa\xfc\xaf\x2b\x9d\
\xc8\x34\xae\x23\x15\xb0\x1f\x29\x9d\x48\xa5\xd6\x91\x3e\xff\x77\
\xd1\xcd\xdb\x01\xdf\x26\x8d\x6d\x97\x97\x4e\x44\x7f\xe4\x6a\x80\
\xdd\x73\x0d\x70\x08\x70\x10\xf0\x97\xc0\x23\x81\x6d\x80\x0d\x0a\
\xe4\x72\x27\x70\x2d\xe9\x9e\xee\xe7\xf1\xb2\x7f\x17\x9c\x06\x9c\
\x05\x3c\x07\x78\x2a\xf0\x10\x60\xeb\x42\xb9\xdc\x44\xba\xfc\xfc\
\x35\xe0\x64\xfa\x5f\x56\x56\x79\xac\x03\x5e\x4b\xba\x9d\xf8\x3c\
\xe0\x00\x60\x7b\x60\x93\x02\xb9\xac\x25\xfd\xe2\xbf\x04\xf8\x32\
\x70\x4e\x81\x1c\x34\x07\x0b\x80\xee\x3a\x7b\x3c\xa4\xa9\xee\x26\
\x3d\x48\xe5\xc3\x54\x9a\xce\xd5\xc0\xdb\x4a\x27\xa1\xee\xf3\x16\
\x80\x24\x49\x15\xb2\x00\x90\x24\xa9\x42\x16\x00\x92\x24\x55\xc8\
\x02\x40\x92\xa4\x0a\x59\x00\x48\x92\x54\x21\x0b\x00\x49\x92\x2a\
\x64\x01\x20\x49\x52\x85\x2c\x00\x24\x49\xaa\x90\x05\x80\x24\x49\
\x15\xb2\x00\x90\x24\xa9\x42\x16\x00\x92\x24\x55\xc8\x02\x40\x92\
\xa4\x0a\x59\x00\x48\x92\x54\x21\x0b\x00\x49\x92\x2a\x64\x01\x20\
\x49\x52\x85\x2c\x00\x24\x49\xaa\x90\x05\x80\x24\x49\x15\xb2\x00\
\x90\x24\xa9\x42\x16\x00\x92\x24\x55\xc8\x02\x40\x92\xa4\x0a\x59\
\x00\x48\x92\x54\x21\x0b\x00\x49\x92\x2a\x64\x01\x20\x49\x52\x85\
\x2c\x00\x24\x49\xaa\x90\x05\x80\x24\x49\x15\xb2\x00\x90\x24\xa9\
\x42\x16\x00\x92\x24\x55\xc8\x02\x40\x92\xa4\x0a\x59\x00\x48\x92\
\x54\x21\x0b\x00\x49\x92\x2a\x64\x01\x20\x49\x52\x85\x2c\x00\x24\
\x49\xaa\x90\x05\x80\x24\x49\x15\xb2\x00\x90\x24\xa9\x42\x16\x00\
\x92\x24\x55\xc8\x02\x40\x92\xa4\x0a\x2d\x2a\x9d\xc0\x80\x39\xb2\
\x74\x02\x95\xd8\xaf\x74\x02\x7d\xd8\x1e\x8f\x8f\xb6\x6c\x5f\x3a\
\x81\x3e\x0c\xe2\x31\xad\x21\x67\x01\x30\x3f\x5f\x2a\x9d\x80\x3a\
\x6b\xff\xf1\x90\xa6\xf3\xaa\xd2\x09\x48\x53\x79\x0b\x40\x92\xa4\
\x0a\x59\x00\x48\x92\x54\x21\x0b\x00\x49\x92\x2a\x64\x01\x20\x49\
\x52\x85\x2c\x00\x24\x49\xaa\x90\x05\x80\x24\x49\x15\xaa\xb1\x00\
\xb8\xbb\x74\x02\x6a\x54\xe4\xfb\xf5\xd8\x18\x7e\x91\xef\x78\x75\
\xb6\x2c\xd4\x45\xd5\xfd\xfb\xaf\xb1\x00\xf8\x5d\xe9\x04\xd4\xa8\
\x6b\x03\xdb\x5e\x97\x2d\x0b\x75\x95\xc7\x87\x66\x12\x39\x36\x06\
\x52\x8d\x05\xc0\xb7\x4a\x27\xa0\x46\x9d\x15\xd8\xf6\x12\xe0\xc6\
\x5c\x89\xa8\x73\x6e\x02\x7e\x16\xd8\xde\xb1\x63\xb8\x45\xc6\x8e\
\x81\x54\x63\x01\x70\x12\x30\x5a\x3a\x09\x35\xe2\x17\xc0\x77\x03\
\xdb\x8f\x02\x1f\xcb\x94\x8b\xba\xe7\xc3\xc0\xfa\xc0\xf6\xe7\x00\
\x97\x65\xca\x45\xdd\x32\x4a\x3a\x3e\x54\x81\x0f\x02\x63\xc6\x50\
\xc5\x3a\xe0\x10\xe2\x96\x00\xbf\xee\x40\x7f\x8c\xbc\xf1\x6b\x60\
\x73\xe2\x9e\x4c\x3a\xd6\x4a\xf7\xc7\xc8\x1b\x1f\x40\xd5\x58\x0c\
\x9c\x46\xf9\x83\xce\xc8\x13\xeb\x80\x97\x90\xcf\x6e\xa4\xfb\xbd\
\xa5\xfb\x65\xe4\x89\xeb\x80\x87\x93\xcf\xd1\x58\x04\x0c\x53\x9c\
\x0a\x6c\x80\xaa\xb2\x10\x38\x16\x58\x49\xf9\x03\xd0\xe8\x3f\x2e\
\x25\xcf\x2f\xff\xa9\xb6\x03\x4e\x26\x5d\x1a\x2c\xdd\x47\xa3\xbf\
\x18\x25\x2d\xe0\xf5\x00\xf2\x7b\x12\xe9\x96\x53\xe9\x3e\x1a\xfd\
\xc7\xed\xc0\x31\xd4\x79\x2b\x1c\x80\x05\xa5\x13\xe8\x80\x2d\x80\
\xc3\x80\x7d\x80\x6d\x48\x85\x81\xba\x6d\x35\x70\x0d\xe9\xa1\xac\
\x73\x89\xdd\xd7\x9d\xcb\x2e\xc0\xe1\xc0\xce\xc0\xd2\x06\xdb\x51\
\x3e\xb7\x02\x97\x93\xae\xf2\x5d\xde\x60\x3b\x0b\x81\x27\x92\x8a\
\x81\xed\x81\x0d\x1b\x6c\x4b\x79\xac\x27\x3d\xe8\x7b\x21\x70\x06\
\x70\x5b\xd9\x74\x24\x49\x92\x24\x49\x92\x24\x49\x92\x24\x49\x92\
\x24\x49\x92\x24\x49\x92\x24\x49\x92\x24\x49\x92\x24\x49\x92\x24\
\x49\x92\x24\x49\x92\x24\x49\x92\x24\x49\x92\x24\x49\xd2\x60\xa9\
\x75\x39\xe0\xcd\x80\x65\xc0\x56\xc0\x92\x49\xff\x6d\x51\xb1\x8c\
\x24\x49\x6d\x58\x07\xdc\x31\xfe\xbf\x6f\x07\x6e\x06\x6e\x99\xf4\
\xdf\xaa\x31\xcc\x05\xc0\x52\xe0\x11\xe3\xb1\x1b\xb0\x7c\x52\xb8\
\x6e\xb7\x24\x69\xb2\xd5\xc0\xd5\x93\xe2\x52\xe0\x67\xc0\x25\xc0\
\xad\xa5\x92\x6a\xd2\x30\x15\x00\xbb\x01\x4f\x00\x1e\x07\x1c\x00\
\xec\x58\x36\x1d\x49\xd2\x90\xb8\x12\x38\x1f\x38\x0f\xf8\x2e\xf0\
\x8b\xb2\xe9\xe4\x31\xc8\x05\xc0\x86\xc0\x5f\x00\x87\x02\x4f\x05\
\xb6\x2f\x9b\x8e\x24\xa9\x12\xd7\x00\x5f\x03\xce\x04\xbe\x49\xba\
\x7a\x30\x70\x06\xad\x00\x58\x44\x3a\xd9\x3f\x17\x38\x9c\x74\xdf\
\x5e\x92\xa4\x52\x56\x02\x5f\x05\xbe\x08\x7c\x83\xf4\x8c\xc1\x40\
\x18\x94\x02\xe0\x41\xc0\x5f\x03\x2f\x05\x1e\x5c\x38\x17\x49\x92\
\xa6\xf3\x7b\xe0\xd3\xc0\x87\x81\xab\x0a\xe7\x32\xa7\xae\x17\x00\
\x7b\x03\xaf\x00\x9e\x07\x2c\x2c\x9c\x8b\x24\x49\xbd\x18\x25\xdd\
\x1e\x38\x01\x38\xab\x70\x2e\x33\xea\x6a\x01\xf0\x54\xe0\x0d\xc0\
\xbe\xa5\x13\x91\x24\x29\xe0\x02\xe0\xcd\xc0\xd7\x4b\x27\x32\x55\
\xd7\x0a\x80\x83\x81\x7f\x27\x3d\xc9\x2f\x49\xd2\xb0\xf8\x1e\xf0\
\x7a\xe0\x9c\xd2\x89\x4c\xe8\x4a\x01\xb0\x13\xf0\x36\xe0\xc8\xd2\
\x89\x48\x92\xd4\xa0\xd3\x81\x57\x92\x5e\x2d\x2c\xaa\xf4\x7d\xf5\
\x8d\x49\xbf\xf8\x3f\x43\x9a\xb0\x47\x92\xa4\x61\xb6\x0b\x70\x34\
\xe9\xfc\x77\x3e\x05\xdf\x1a\x28\x79\x05\xe0\x40\xe0\x23\xc0\xae\
\x05\x73\x90\x24\xa9\x94\xab\x48\xc5\x40\x91\x07\x05\x47\x0a\xb4\
\xb9\x31\x70\x22\xe9\x3e\x88\x27\x7f\x49\x52\xad\x76\x24\x4d\x24\
\xf4\x9f\xc0\x46\x6d\x37\xde\xf6\x15\x80\x3d\x80\xcf\x03\x7b\xb6\
\xdc\xae\x24\x49\x5d\x76\x19\xe9\x95\xf7\x8b\xdb\x6a\xb0\xcd\x2b\
\x00\xff\x04\x5c\x84\x27\x7f\x49\x92\xa6\x7a\x18\xe9\x95\xc1\x97\
\xb4\xd5\x60\x1b\x57\x00\x36\x22\x5d\xf2\x7f\x41\x0b\x6d\xf5\x6a\
\x0c\x58\x41\x5a\x0a\xf2\x0e\x60\x15\x70\xe7\xf8\xff\x2d\x49\x1a\
\x5e\x4b\x80\x4d\x80\x4d\x49\xd3\xc9\x2f\x01\xb6\xa4\x3b\x6f\xc5\
\x01\x7c\x1c\x78\x19\x0d\xaf\x31\xd0\x74\x87\xb7\x05\x4e\x05\x1e\
\xd3\x70\x3b\xb3\xb9\x8c\x74\x49\xe5\x97\xc0\xe5\xc0\xaf\xc6\xff\
\xbc\xab\x60\x4e\x92\xa4\xee\xd8\x98\xf4\x4c\xda\x2e\xe3\x7f\x3e\
\x0c\xd8\x8b\xb2\xcf\xa9\xfd\x00\x38\x02\xb8\xb1\x60\x0e\x7d\xdb\
\x0d\xf8\x0d\xe9\xd7\x76\x9b\x71\x3d\xf0\x25\xd2\x65\x14\xd7\x0d\
\x90\x24\xf5\x6b\x1b\xd2\xfc\x34\x27\x91\x9e\xd8\x6f\xfb\x7c\x76\
\x15\xf0\xf0\xc6\x7b\x99\xd9\xfe\xc0\xad\xb4\xf7\x21\x5d\x07\xbc\
\x8b\xf4\x90\xa1\x24\x49\x4d\xd8\x13\x78\x0f\xe9\x87\x66\x5b\xe7\
\xb7\x15\xc0\x7e\x6d\x74\x2e\x87\x83\x49\xf7\xd5\x9b\xfe\x50\x56\
\x03\x9f\x05\xfe\x9c\xf2\x13\x1a\x49\x92\xea\xb1\x10\x78\x0a\xf0\
\x39\xd2\xb9\xa8\xe9\xf3\xdd\x4a\xe0\xa0\x36\x3a\x16\xf1\x67\xa4\
\x7b\xeb\x4d\x7e\x10\xab\x80\xf7\x01\xdb\xb5\xd4\x27\x49\x92\x66\
\xf2\x40\xe0\x78\xd2\x83\xe4\x4d\x9e\xfb\xee\x22\x9d\x63\x3b\xe9\
\x71\x34\xfb\xcb\x7f\x25\x69\x69\xc5\x6d\xdb\xea\x90\x24\x49\x3d\
\xba\x3f\xf0\x46\xd2\x25\xfb\xa6\xce\x83\x77\x02\x4f\x6c\xa9\x3f\
\x3d\xdb\x97\x74\x82\x6e\xa2\xc3\xeb\x81\x0f\x03\xcb\x5a\xeb\x8d\
\x24\x49\xfd\xb9\x3f\xf0\x31\x60\x94\x66\xce\x89\xb7\x53\xf6\xcd\
\xba\x3f\xb1\x03\xe9\x35\x85\x26\x3a\xfa\x13\x5c\x1a\x58\x92\x34\
\x78\xf6\x01\x7e\x48\x33\xe7\xc6\x9b\x49\xab\xe8\x16\xb5\x8c\xf4\
\x5e\x7d\x13\x97\x39\x5e\x8e\x0f\xf7\x49\x92\x06\xd7\x22\xd2\xd2\
\xbf\x4d\x3c\x1b\xf7\x4b\xd2\x04\x46\x45\x2c\x02\xce\x9e\x25\xb9\
\x7e\xe3\x52\x60\xf7\xf6\xba\x21\x49\x52\xa3\xf6\x24\x9d\xb0\x73\
\x9f\x2f\xbf\x45\x3a\x17\xb7\xee\xf8\x3e\x92\x9d\x2b\x3e\x4d\x9a\
\xa2\x51\x92\xa4\x61\xb2\x11\xf0\x11\xf2\x9f\x37\xdf\xd5\x66\x27\
\x00\x9e\x9b\x29\xf1\x89\x58\x4d\xb7\xd6\x0a\x90\x24\xa9\x09\x2f\
\x22\xef\xdc\x01\xa3\xc0\xb3\xdb\x4a\x7e\x07\xd2\x53\x88\xb9\x92\
\xbf\x83\x0e\xbf\xdb\x28\x49\x52\x66\x07\x93\xf7\x3c\x7a\x1b\xb0\
\xbc\xe9\xa4\x47\xc8\x7b\xdf\xff\x06\xe0\xd1\x4d\x27\x2d\x49\x52\
\xc7\xec\x4d\xde\x37\xe8\xbe\xcb\x3c\x1f\x9c\x9f\xef\x6a\x80\xaf\
\x07\xde\x32\xcf\x6d\x66\x72\x15\x69\x1a\xdf\x2b\x33\xed\x6f\xbe\
\x16\x90\x66\x13\xdc\x8a\xf4\xdc\xc1\x26\xa4\x65\x21\x25\x49\xc3\
\xeb\x76\xd2\x9b\x66\x77\x92\x5e\xa7\xfb\x5d\xc1\x5c\x76\x06\xbe\
\x41\xba\xb2\x9e\xc3\x71\xc0\xdb\x7b\xfd\xcb\xf3\x29\x00\x76\x03\
\x7e\x0c\xdc\x6f\xbe\x19\x4d\xe3\xb7\xc0\xe3\x49\x8b\xf8\xb4\x61\
\x84\x74\xa5\xe1\x60\xd2\xbb\x99\xbb\x8c\x87\x0f\x1c\x4a\x52\xdd\
\xee\xe4\x8f\x4b\xc5\xff\x08\xf8\x0e\x69\x0e\x9a\xd1\x96\xda\xdf\
\x1e\x38\x6f\xfc\xcf\xa8\xd5\xc0\xa3\x48\x7d\x99\x53\xaf\x05\xc0\
\x08\x70\x0e\xe9\xa4\x1d\xf5\x07\xe0\x40\xe0\xb2\x0c\xfb\x9a\xcd\
\x86\xc0\xd3\x81\xa3\x48\x27\xfe\xa5\x0d\xb7\x27\x49\x1a\x0e\x2b\
\x48\x85\xc0\x7f\x01\xa7\x01\x6b\x1a\x6e\x6f\x67\xe0\x7b\xc0\xd6\
\x19\xf6\x75\x2e\x69\xe1\xa0\xb1\x0c\xfb\x02\xe0\x68\xf2\x3d\xf0\
\xf7\xd8\x5c\x49\xcd\xe0\x51\xa4\xb5\x9b\xdb\x5c\x8e\xd8\x30\x0c\
\xc3\x18\xce\x58\x01\x7c\x08\x78\x24\xcd\xda\x8f\xb4\xd8\x5d\x8e\
\x9c\x5f\x98\x2b\xa9\x2d\x80\x9b\x32\x24\x74\x0f\xe9\x9e\x7f\x53\
\xf6\x02\xbe\x44\x73\xf3\x2f\x1b\x86\x61\x18\x75\xc7\x7f\x03\xfb\
\xd3\x9c\x43\x81\xb5\x19\xf2\xfc\x3d\xb0\x79\x8e\x84\xde\x97\x21\
\x99\x31\xe0\xd5\x39\x92\x99\xc6\xce\xc0\xd7\x33\xe5\x68\x18\x86\
\x61\x18\x73\xc5\x99\x34\x37\x17\xff\x71\x99\x72\x7c\x47\x34\x91\
\x07\x93\x67\xc2\x82\x33\x98\xff\x1b\x07\x73\xd9\x88\xb4\xf4\xe2\
\xdd\x19\xf2\x33\x0c\xc3\x30\x8c\xf9\xc4\x3d\xa4\x93\xec\x86\xe4\
\x35\x42\x9e\x1f\xb5\x77\x13\x7c\xb0\xf0\xa3\x19\x92\xb8\x96\xb4\
\x3c\x62\x4e\x8f\x20\x3d\x44\x58\xfa\x00\x30\x0c\xc3\x30\xea\x8e\
\x5f\x92\xe6\xfa\xcf\x69\x2b\xd2\x5b\x72\xd1\xdc\x4e\x9c\xad\x91\
\xd9\x7e\x95\xef\x44\xea\x58\x64\xa1\x81\x75\xa4\xa7\x11\xcf\x0b\
\xec\x63\xaa\xe7\x93\x3a\xb5\x71\xc6\x7d\x4a\x92\xd4\xaf\xd5\xc0\
\x31\xc0\x09\x19\xf7\xf9\x44\xd2\x62\x3f\x91\x55\x71\xef\x01\x1e\
\x06\xfc\x66\xba\xff\xe7\x6c\x3b\x7e\x27\xe9\x9d\xf9\x88\x13\x48\
\x57\x11\x72\x58\x44\x5a\x48\xe1\xcd\xc0\x06\x99\xf6\x29\x49\x52\
\xd4\x22\xe0\x29\xc0\x83\x80\xaf\x91\x67\x0e\x81\xdf\x92\x5e\x0b\
\x8c\xbc\x39\xb7\x90\x74\xbe\x3c\x73\xba\xff\xe7\x4c\x57\x00\xb6\
\x06\xae\x26\xdd\x67\xef\xd7\x0d\xa4\xca\xe3\xf6\xc0\x3e\x26\xdc\
\x0f\xf8\x1c\xf0\xac\x0c\xfb\x92\x24\xa9\x29\xa7\x91\x16\xcc\xbb\
\x3b\xc3\xbe\x36\x27\xdd\xee\x7e\x40\x60\x1f\x77\x01\x0f\x21\xcd\
\xc1\xf3\x27\x46\x66\xd8\xe0\xa5\xc4\x4e\xfe\x00\xff\x42\x9e\x93\
\xff\xe6\xc0\x59\x78\xf2\x97\x24\x75\xdf\xd3\x81\x6f\x92\xe7\x35\
\xbc\x95\xc0\x6b\x83\xfb\xd8\x98\x74\x4e\xbf\x8f\xe9\xae\x00\x2c\
\x22\x5d\x7a\xd8\x2e\xd0\xe0\x59\xe4\x59\xe1\x6f\x31\x70\x7a\xa6\
\x7d\x49\x92\xd4\x96\xb3\x49\xb7\x05\xa2\xb3\x08\x2e\x20\x3d\x0b\
\x70\x70\x60\x1f\x37\x90\xde\xea\x5b\x3b\xf9\x3f\x4e\x77\x05\xe0\
\x70\x62\x27\xff\x31\xe0\x55\x81\xed\x27\x8c\x00\x9f\xc5\x93\xbf\
\x24\x69\xf0\x1c\x44\x9a\x4a\x38\xf2\x10\x1f\xa4\x73\xea\xff\x1e\
\xff\xb3\x5f\xdb\x92\x26\x19\xfa\x13\xd3\x15\x00\xff\x10\x68\x04\
\xe0\x54\xe0\x67\xc1\x7d\x00\xbc\x17\x38\x32\xc3\x7e\x24\x49\x2a\
\xe1\x19\x64\x98\x90\x07\xb8\x98\x19\x1e\xe4\x9b\x87\x17\x4f\xfd\
\x0f\x53\x6f\x01\x6c\x4b\x7a\xf7\x30\x52\xb1\x3c\x0e\xb8\x20\xb0\
\x3d\xc0\x33\x81\x2f\x93\x7f\xf2\xa0\xe9\x5c\x4b\xba\xe5\x71\x27\
\xe9\x7e\xcb\xe6\xc0\xa6\xa4\xcb\x25\x39\x56\x67\xea\xc5\x55\xc0\
\x45\x2d\xb5\xa5\xee\x99\x58\xb8\xaa\x0d\x77\x91\x96\xe0\xbe\x91\
\x74\xcc\x43\x5a\x15\x73\x1b\xe0\xa1\xb4\xf7\x7a\xed\x69\xa4\x57\
\xa7\x54\xa7\xbd\x81\x1d\x5b\x6a\xab\xf4\x18\x3f\x46\x2a\x04\x4e\
\x0d\xee\x67\x5f\xe0\xfb\x81\xed\xd7\x93\xae\xee\xdf\x34\xd3\x5f\
\xf8\x67\x62\x93\x0e\x7c\x23\x90\xdc\x84\xe5\xa4\xc5\x17\x9a\x9a\
\xb4\xe1\x87\xc0\x1b\x48\x2b\x12\xce\xb5\x1c\xf0\x26\xc0\x13\x48\
\x33\x0e\x5e\xd8\x60\x4e\xb7\x91\x0e\x46\xd5\xe9\x78\x9a\x3d\xb6\
\x3e\x4d\x9a\x3f\x63\x07\x66\x2f\xaa\x17\x8c\xff\x9d\x17\x00\x9f\
\x19\xdf\xb6\xa9\xbc\xde\xd7\xc7\xe7\xa4\xe1\xf0\x60\x9a\x3d\xb6\
\xba\x38\xc6\xdf\x42\x7a\x12\x3f\xea\x5b\xc1\x3c\xfe\x71\xb6\x9d\
\x9f\x1b\xdc\xf9\x41\xc1\xce\x2d\xc8\x90\xc3\x74\xb1\x8a\x34\xc8\
\x3e\x3c\x98\xdf\x6e\xc0\xfb\x49\x95\x64\xee\x1c\xbf\xcd\xcc\x6f\
\x65\x68\x78\x3d\x89\x54\x99\xe7\x3e\x9e\x2e\x04\xfe\x8a\xd8\xdb\
\x3c\x1b\x8d\xef\xe3\x47\x0d\xe4\xb7\x1e\x38\x24\x90\x9b\x06\xd3\
\x08\x69\x99\xdd\x1a\xc7\xf8\xb3\x89\x5f\xd5\x3e\x24\x98\xc3\xb7\
\x67\xda\xf1\xd6\xc4\x06\xa2\x5f\x05\x3b\x06\xf0\xf7\xc1\xce\x4d\
\x8d\xb5\xa4\x5f\x1a\xb9\xa7\x22\xde\x8a\x74\x90\xe4\x58\xb5\x69\
\x72\x44\x9f\xbf\xd0\x60\xd9\x90\x74\xfb\x27\xe7\x31\x74\x29\xe9\
\xc9\xe3\xdc\x0e\x25\xcd\x0c\x9a\x33\xd7\x2b\xc9\x3f\x8f\xba\xba\
\x2d\xd7\xd2\xf2\x83\x3a\xc6\xff\x6d\x30\xaf\x05\xc0\x15\x81\xf6\
\xd7\x01\xcb\xa6\xdb\xf1\xdf\x06\x3b\xf6\xfa\x60\xc7\xb6\x24\xcf\
\xb2\xc3\x13\xf1\x23\xf2\xcf\xcf\x3c\xd5\x23\x81\x1f\x67\xcc\xf9\
\x26\xd2\xf2\xcb\xaa\xc3\xeb\xc9\x77\xec\xdc\x43\x5a\x45\xac\xc9\
\x59\x32\x17\x8f\xe7\x9c\x73\x50\x3c\xae\xc1\x7c\xd5\x2d\x4b\x81\
\x9b\xa9\x7b\x8c\xbf\x81\xf8\x18\xff\x86\x60\x0e\x47\x4d\xb7\xd3\
\xcf\x07\x76\x38\x4a\xba\x77\x18\xf1\xfe\x60\xa7\x26\xc7\x07\x48\
\xb3\x07\xb6\x61\x43\xe0\x83\x19\x73\xf7\xde\x68\x1d\xb6\x23\x5d\
\xb6\xcc\x71\xcc\x5c\x43\xb3\x6b\x94\x4f\xf5\x38\xd2\x83\x55\x39\
\x72\xbf\x83\xd8\x6b\xc7\x1a\x1c\x39\x9f\x75\x19\xe4\x31\xfe\xbd\
\xc1\x7c\x96\x93\xce\xb9\xfd\xb6\xff\xa9\xa9\x3b\x5c\x40\xec\xd7\
\xf7\x77\x82\x1d\xda\x9a\x3c\xf7\x5c\x46\x81\x7f\x0d\xe6\xd2\xaf\
\x97\x93\xe7\x5e\xee\xdd\xc4\xa6\x7d\xd4\x60\xc8\x55\xf0\x5e\x4a\
\x7b\x6f\xab\x4c\xf6\x00\xe0\x27\x7d\xe4\x3b\x5d\x58\xf4\x0e\xbf\
\x6d\x48\x6f\xa0\x38\xc6\xa7\x73\xdd\x56\xc1\x5c\x22\xcf\xca\x5d\
\x3f\x75\x67\xbb\x06\x3b\x74\x9f\xf7\x0b\xe7\xe9\x1d\xc1\xf6\x27\
\x0e\x8c\x68\x1e\x51\x2f\x26\x56\x99\x4d\xc4\x3b\xdb\x4e\x5c\xad\
\xca\x55\xf0\xfe\x94\x74\xeb\xac\x94\x2d\xc7\x73\x88\xf6\x63\x15\
\xf1\x01\x51\xdd\xf6\x6e\x1c\xe3\x27\xc7\x5b\x83\x79\x44\x9f\xa5\
\x78\xe8\xe4\x9d\xbd\x30\xb8\xb3\x87\x04\x3a\xb2\x39\x69\xcd\x80\
\xe8\x07\x7a\x4c\x20\x87\x9c\x8e\x23\xde\x97\x95\xc0\x66\x6d\x27\
\xae\xd6\xbc\x89\xf8\x31\x72\x15\xdd\xb8\x52\xb4\x1d\x69\xa9\xd1\
\x68\x7f\xde\xd0\x76\xe2\x6a\xcd\x66\xa4\x5b\x3d\x8e\xf1\x7f\x8c\
\xdb\x88\x8d\xf1\x3b\x06\xdb\x7f\xc1\xe4\x9d\x7d\x24\xb0\xa3\x5f\
\x07\x3a\x01\xa9\xa2\x8a\x7e\x98\x5f\x0a\xe6\x90\xdb\xe7\x88\xf7\
\xe9\x85\xad\x67\xad\x36\x8c\x90\x26\x25\x89\x1c\x1b\xab\x81\xbd\
\xda\x4e\x7c\x16\x8f\x20\x7e\x79\xf7\x1a\xe2\x53\xa6\xaa\x9b\xfe\
\x01\xc7\xf8\xe9\xe2\xef\x82\x39\x44\xde\x20\x3a\x69\xf2\x8e\x22\
\xef\xf9\xfe\xc9\x8e\xfa\x70\x4e\xa0\xed\x31\xd2\xab\x44\x39\x56\
\x5d\xca\x69\x09\xf1\x5f\x45\xe7\xb5\x9e\xb5\xda\xf0\x17\xc4\x07\
\x8e\xff\xd5\x7a\xd6\x73\x7b\x39\xf1\x7e\xfd\x79\xeb\x59\xab\x0d\
\x17\xe0\x18\x3f\x5d\xcc\xf8\x4e\x7e\x8f\x3e\x16\x68\xfb\xde\x19\
\x05\x17\x12\xab\xde\xa7\x7d\xa5\xa0\x47\x3b\x10\xbf\x9f\x72\x9f\
\x05\x0e\x3a\xe2\x30\xe2\x03\xe2\xf2\xb6\x93\x56\xe3\x3e\x49\xec\
\x98\xf8\x3e\xdd\x9c\x30\x6a\x84\x34\x03\x5b\xa4\x6f\x9f\x68\x3d\
\x6b\x35\x6d\x07\xe2\xe3\xe0\xb0\x8e\xf1\xeb\x89\xcd\x00\xfb\x37\
\x81\xb6\x57\x31\x3e\x8e\x44\x1f\x00\x8c\xdc\x87\x7c\x65\xb0\xed\
\xd3\x02\x6d\xb7\xe1\x4c\x62\xfd\x7b\x59\xfb\x29\xab\x41\x0b\x89\
\xbd\x6d\x33\x0a\xec\xd3\x7a\xd6\xbd\xdb\x97\xd8\xf1\x7e\x03\xdd\
\x2c\x6e\xd4\xbf\xe8\xf4\xf2\xc3\x3e\xc6\x47\xae\xe6\x3d\x30\xd8\
\xf6\x4e\x90\x96\xff\xed\x77\x07\xb7\x04\x92\x87\xb4\x38\x42\xa4\
\x03\x6d\xbe\xfb\xdc\x8f\xe8\x80\x18\x5d\xfd\x49\xdd\x72\x00\xb1\
\xe3\xe1\xf4\xf6\x53\x9e\xb7\xaf\x11\xeb\xe3\xbe\xed\xa7\xac\x06\
\x7d\x13\xc7\xf8\xd9\xe2\x94\x60\xfb\x91\x75\x73\x9e\x0a\xb1\x7b\
\x77\x91\xfb\xd4\x0b\x89\x2d\x08\xf1\x9d\x40\xdb\x6d\x3a\x9b\xfe\
\xfb\x78\x07\x3e\x18\x35\x4c\xa2\x4f\x0f\x3f\xb1\xfd\x94\xe7\xed\
\x60\x62\x7d\x7c\x6d\xfb\x29\xab\x21\x8b\x88\xbd\xee\x5a\xc3\x18\
\xbf\x82\xd8\x18\xff\xfd\x40\xdb\x2f\x1d\x21\x76\x9f\x39\x32\xff\
\xff\xa3\x48\x0f\x52\xf4\xeb\x13\x81\x6d\xa7\x5a\x02\x3c\x1e\x38\
\x62\xfc\xcf\x9c\x0f\x9c\x7c\x32\xb0\xed\xa6\xa4\xc5\x29\x34\x1c\
\x1e\x13\xd8\xf6\x2a\xd2\xe4\x1f\xb9\x3c\x8c\x74\x6f\xf5\xd0\xf1\
\xff\x9d\xcb\xd9\xc0\xd5\x81\xed\x23\x9f\x91\xba\x65\x77\x62\xcb\
\x4b\xd7\x30\xc6\x2f\x25\xbd\x45\xd3\xaf\xc8\x39\x78\x07\x48\xaf\
\x57\xf4\x5b\x41\x44\xde\xcb\x7c\x41\xa0\xdd\xbb\x49\x27\xc7\xa8\
\x3d\x80\xaf\x00\x6b\xa6\xec\x7f\x0d\xe9\xd2\xcc\xee\x19\xda\xd8\
\x8c\xf4\xda\x56\xbf\x7d\xf5\x75\xc0\xe1\x71\x1d\xfd\x1f\x07\x6f\
\xc9\xd0\xfe\x62\xe0\x15\x4c\xff\xf4\xf2\x6f\x48\x57\x03\x17\x67\
\x68\xe7\x6d\xd3\xec\xbf\xd7\xb8\x26\x43\xfb\xea\x86\xc8\x2b\xde\
\x35\x8d\xf1\x91\x05\x82\x22\x57\x15\xff\x0b\xd2\xab\x08\xfd\xee\
\xe0\x99\x81\xc4\xdf\x1e\x68\xf7\x5b\x81\x76\x27\xbc\x88\xfb\x1e\
\x14\x53\x63\x0d\x79\x4e\xc0\x91\x57\x1d\xdf\x9d\xa1\x7d\x95\xb7\
\x39\xfd\x1f\x03\x63\xa4\x35\xcb\x23\xb6\x01\xce\xef\xa1\x9d\xf3\
\x48\x33\x15\x46\x44\x97\x2c\x75\x12\xac\xe1\xf0\x3e\x1c\xe3\x7b\
\x89\x7f\x0f\xb4\xfb\xac\x40\xbb\x67\x8d\x10\x9b\x82\xf3\xa6\xc0\
\xb6\xbb\x06\xb6\x3d\x27\xb0\x2d\xa4\x0f\xed\x23\xcc\xfd\x6b\x67\
\x31\xf0\x51\x62\xaf\x3a\x42\xec\x5e\x56\x74\x91\x25\x75\x43\xe4\
\x7b\x5c\x0d\xfc\x20\xb0\xfd\x46\xa4\x07\x6e\x7b\x79\xa0\xea\x71\
\xa4\x07\xf9\x22\x97\x6e\xcf\x27\x0d\xac\xfd\x5a\x1e\xd8\x56\xdd\
\xb1\x3c\xb0\x6d\x4d\x63\x7c\xe4\x16\xdc\xcd\x81\x6d\xef\x3f\x42\
\x6c\x2e\xf1\x55\x81\x6d\x23\x03\xe2\xcf\x03\xdb\x2e\x25\x1d\x18\
\x0b\x7a\xfc\xfb\x0b\x80\x13\x99\x61\x0d\xe5\x1e\x45\xf2\x5d\x1e\
\xd8\x56\xdd\xb1\x3c\xb0\xed\x15\xc4\x4e\xa8\xaf\x03\x1e\x3b\x8f\
\xbf\xbf\x17\xf0\x9a\x40\x7b\xab\x89\xcd\x10\xba\x3c\xb0\xad\xba\
\x63\x79\x60\xdb\x9a\xc6\xf8\xc8\xb9\x70\x65\x60\xdb\x65\x23\xc4\
\x2a\xfd\x48\xe3\x91\x87\x30\x22\x0f\x3e\xbc\x8c\x74\x80\xcc\xc7\
\x16\xa4\xc5\x17\xfa\x15\xc9\x37\x7a\x39\x56\xdd\x10\xb9\xd2\x16\
\x39\x7e\x36\x22\xdd\xf7\x9f\xaf\x57\x91\x96\x41\xed\x97\xc7\xbc\
\x22\xdf\x63\x4d\x63\x7c\xe4\x61\xf8\x3b\x02\xdb\x6e\x3c\x42\xec\
\xa1\x9f\xc8\x15\x80\x48\x01\x70\x63\x60\xdb\xc3\x5b\xde\x0e\x62\
\xb7\x4a\x36\x09\x6c\xab\xee\x88\x7c\x8f\x91\xe3\xfd\x10\xfa\x7b\
\x98\x6a\x33\xd2\x2b\x7d\xfd\x8a\xe4\x1c\xf9\x51\xa2\xee\x28\x75\
\xcc\x0f\xda\x18\x1f\x79\xe6\x25\x52\x00\x2c\x8e\x16\x00\x91\xc6\
\x23\x4f\x78\x46\x0a\x8f\x5d\x5a\xde\x0e\x62\x57\x4a\x2c\x00\x86\
\x43\xe4\x7b\x8c\xfc\x3b\xdb\xb9\xd0\xb6\x91\x9c\x3d\xe6\x87\x43\
\xa4\x90\xab\x69\x8c\x2f\x55\x00\xdc\x6f\x84\xd8\xd4\x9b\xeb\x03\
\xdb\x46\x26\x3f\x88\xb4\xdb\x6f\xc1\x73\xbf\x40\x9b\xeb\x02\xdb\
\x3a\x11\xd0\x70\x28\xf5\xef\x2c\x72\xdc\x46\x6e\x01\xac\x0d\x6c\
\xbb\x28\xb0\xad\xba\xa3\xd4\x31\x3f\x68\x63\x7c\xe4\x78\x0f\x9d\
\x5b\x46\x88\xfd\x43\x8d\x54\xea\x77\x16\x6a\xf7\x77\x7d\x6e\x77\
\x5d\xa0\xcd\x48\x85\x17\xf9\x9c\xd4\x1d\x77\x07\xb6\x8d\x5c\x2d\
\x8b\x1c\xb7\x91\x6d\x23\xb7\xf8\x3c\xe6\x87\x43\xe4\x98\xaf\x69\
\x8c\x8f\xfc\x8a\x8f\xb4\xbb\x66\x04\xb8\xa7\x50\xe3\x91\x4b\x26\
\xf3\x7d\xc0\x63\xb2\x7e\xdf\x2f\x3d\x2b\xd0\x66\x24\xdf\xbb\x02\
\xdb\xaa\x3b\x22\x27\xb5\xc8\xf1\x73\x16\x69\x11\xa1\xf9\x1a\x25\
\xb6\x5c\x69\x24\x67\x0b\x80\xe1\x50\xea\x98\x1f\xb4\x31\xbe\x54\
\x01\x70\xcf\x08\xb1\x2a\x2d\x52\xe5\x47\x3a\xbd\x53\x60\xdb\x93\
\x98\xff\x80\x38\x0a\x7c\x38\xd0\x66\x24\xdf\xdb\x02\xdb\xaa\x3b\
\x22\xdf\x63\xe4\xf8\xb9\x91\x34\x07\xc0\x7c\xfd\x7f\xd2\xea\x7c\
\xfd\xf2\x98\xd7\xed\x81\x6d\x6b\x1a\xe3\x4b\x15\x00\x77\x8f\x00\
\xb7\x06\x76\x10\xb9\x34\x79\x7d\x60\xdb\xc8\xc4\x09\x17\x93\x0e\
\x90\xf9\x38\x11\xf8\x69\xa0\xcd\x48\xbe\xbf\x0d\x6c\xab\xee\x88\
\x7c\x8f\xbb\xd2\xfb\x3b\xcd\xd3\x79\x0d\xf3\xbb\xe2\x76\x3b\xb1\
\x45\x79\x16\x10\x9b\xe8\xcb\x63\x7e\x38\x44\xbe\xc7\x9a\xc6\xf8\
\x7e\x6f\x59\x40\xec\x47\xf8\x8a\x11\xd2\x6a\x44\xfd\xda\x22\xb0\
\xed\xe5\x81\x6d\x0f\x08\x6c\x0b\xf0\x4a\x7a\x5f\x5a\xf5\x34\xe0\
\x5f\x82\xed\x3d\x3e\xb0\xed\x6f\x82\x6d\xab\x1b\x22\x83\xe1\x32\
\x62\x03\xcc\x15\xc0\xb3\xe9\xed\xc9\xea\x55\xe3\x7f\x37\x32\x91\
\xcf\xee\xc4\x2e\x89\x5e\x1d\xd8\x56\xdd\x71\x75\x60\xdb\x9a\xc6\
\xf8\x52\x73\x08\xdc\x3a\x02\xdc\x12\xd8\x41\xe4\xb2\xc7\x65\x81\
\x6d\x0f\x26\xf6\x8b\xe8\x1e\xe0\x19\xa4\x85\x14\x66\xba\xfc\xb2\
\x12\x38\x76\xfc\xef\x45\x1e\x94\x1c\x01\x0e\x0a\x6c\x1f\x19\x88\
\xd5\x1d\xbf\x27\xf6\x6a\xd3\x21\xc1\xf6\xff\x9b\x34\x15\xf0\x77\
\x67\xf9\x3b\xe7\x02\xfb\x11\xbb\x17\x0a\xb1\x5c\x57\x12\x7b\xa7\
\x5a\xdd\x71\x45\x60\xdb\x9a\xc6\xf8\x48\x01\x10\x39\x07\xdf\xb2\
\x88\xd8\x93\x8f\x91\xf7\x26\x23\x05\xc0\xd6\xa4\xb5\xd1\xcf\x0e\
\xec\x63\x3d\x69\x41\xa2\x13\x81\xc3\x80\x7d\x80\xfb\x03\x7f\x00\
\x2e\x04\xce\x20\xcf\xbd\xc8\x83\xc6\xf7\xdb\xaf\x1f\x65\xc8\x41\
\xe5\x8d\x01\x17\x91\x8e\xdb\x7e\x3c\x1b\xf8\xcf\x60\x0e\x3f\x27\
\x2d\x2a\xb4\x0f\xf0\x14\x60\xc7\xf1\xff\x7e\x15\x69\xfe\xff\x8b\
\x82\xfb\x9f\xf0\xac\xc0\xb6\x17\x91\x3e\x2b\x0d\xbe\xc8\xf1\x54\
\xd3\x18\x1f\x39\x17\x46\x6e\xb5\x5d\x0b\xb1\xe5\x04\xbf\x11\x68\
\x7c\x33\x52\xd5\xd5\x6f\xdb\x1f\x0b\xb4\xdd\xa6\x4f\xd0\x7f\x1f\
\xd7\x91\x67\x49\x4c\x75\xc3\xbb\xe9\xff\x58\x58\x0f\x3c\xa4\xfd\
\x94\xe7\x6d\x07\xd2\x03\x55\xfd\xf6\xf3\x1d\xed\xa7\xac\x86\x6c\
\x4e\x3a\x6e\x1d\xe3\x67\x8e\x7b\x88\x8d\xf1\x67\x05\xda\x7e\x0d\
\xc0\xf3\x02\x3b\xb8\x3a\x90\x38\xc0\x05\x81\xb6\xef\x22\x2d\x71\
\xda\x65\xdb\x92\xf2\xec\xb7\x8f\xb9\x7e\x91\xa9\x1b\x9e\x49\xff\
\xc7\xc2\x18\xf0\xde\xf6\x53\x9e\xb7\xc8\x12\xb0\x63\xc4\xa6\x63\
\x55\xf7\xfc\x04\xc7\xf8\xd9\xe2\x7b\xc1\xf6\xaf\x09\xb4\xfd\x5c\
\x80\xbd\x03\x3b\x58\x4f\x6c\xc2\x86\xb7\x06\xda\x1e\xa3\xfb\xbf\
\x16\x22\xbf\xf8\xc6\x80\xb7\xb4\x9f\xb2\x1a\xb4\x19\x69\xa5\xbc\
\x7e\x8f\x87\x55\xc4\x2e\x35\x36\x6d\x6b\xd2\xbb\xdf\xfd\xf6\x6f\
\x35\x4e\x03\x3c\x6c\xde\x86\x63\xfc\x6c\xf1\xe6\x40\xdb\x9b\x12\
\xbb\xda\xf6\x28\x48\xf3\x35\x47\x2e\xd3\x3c\x29\xd0\x81\x03\x03\
\xed\x8e\x91\x2a\xaf\xc8\x52\x8a\x4d\x7a\x28\x69\x8e\x85\x48\xff\
\x7a\x59\xbf\x5d\x83\xe5\x1b\xc4\x8e\x89\x0f\xb5\x9f\x72\xcf\x3e\
\x4c\xac\x6f\x5f\x6f\x3f\x65\x35\xec\x71\x38\xc6\x37\x35\xc6\xff\
\x79\xa0\xdd\x75\xa4\x95\x42\x01\xb8\x32\xb0\xa3\xb7\x06\x3a\xb0\
\x80\xf4\x00\x52\xe4\x03\xec\xf5\x55\x8f\xb6\x9d\x49\xac\x5f\xd7\
\x12\x9b\x4b\x5b\xdd\x74\x34\xb1\xe3\x62\x3d\xb0\x6f\xeb\x59\xcf\
\x6d\x7f\x62\x3f\x24\xc6\x80\x97\xb4\x9e\xb5\x9a\xb6\x90\xf4\xa0\
\xb9\x63\xfc\x7d\xe3\x0a\x62\x6f\x3a\xbc\x3d\xd8\xf6\xbd\xbe\x10\
\xd8\xd1\xf9\x81\x0e\x40\xba\x04\x12\xf9\x10\xc7\x80\x97\x06\x73\
\xc8\xed\x9f\x89\xf7\xc9\xcb\xff\xc3\x69\x09\xb1\xcb\xe4\x63\xa4\
\x57\x43\x23\xef\xff\xe6\xb6\x84\xd8\x8f\x88\x31\xd2\x2f\xbd\xc8\
\xbc\x22\xea\xae\xe8\xad\xde\x61\x1d\xe3\xdf\x10\xcc\xe1\x87\x81\
\xb6\x3f\x3b\x79\x47\x2f\x0d\xec\x68\x2d\xb1\xd9\x88\x76\x26\x76\
\x1f\x63\x8c\x74\xef\x70\xbf\x40\x0e\x39\xed\x4f\xec\x3e\xef\x18\
\xe9\xf3\xd8\x71\xea\x8e\x35\x34\x3e\x4d\x7c\xf0\x38\x85\x6e\x5c\
\x21\x1a\x01\xbe\x42\xbc\x3f\x9f\x6c\x39\x6f\xb5\x67\x27\x1c\xe3\
\xa7\xc6\x7a\xd2\x2d\x84\x7e\x2d\x21\x5d\xc6\xef\xb7\xfd\xa3\x27\
\xef\x6c\x8f\x60\x67\x0e\x0b\x74\x04\xe0\xab\xc1\xf6\xc7\x48\xef\
\x76\x3e\x3c\x98\x47\xd4\xce\xa4\xb9\xd7\xa3\x7d\xf9\x6a\xdb\x89\
\xab\x55\x8f\x26\x3e\x20\x8e\x91\xde\x6f\x2e\xed\x04\xe2\xfd\x18\
\x23\xbd\xa3\xad\xe1\x75\x3a\x8e\xf1\x93\xe3\xcb\xc1\x3c\x8e\x08\
\xb6\xbf\xdb\xe4\x9d\x2d\x20\x7d\xb8\xfd\xee\xec\x53\xc1\xce\x3c\
\x36\xd8\x99\x89\xf8\x1d\xa9\x98\x29\x61\xcf\xf1\xf6\x73\xf4\xa3\
\x8b\xf7\x78\x95\xd7\xd7\xc9\x73\xac\xbc\x9f\x32\x57\x02\x46\xc8\
\x77\xf2\x3f\xb3\xe5\xdc\xd5\xbe\xfd\x70\x8c\x9f\x1c\x7b\x07\x73\
\xf9\x5c\xa0\xed\x9b\x99\xe6\xd9\x83\x53\x03\x3b\x5c\x45\x7c\xc2\
\x9a\x6f\x06\xda\x9f\x1c\x2b\x88\xbd\x99\xd0\x8f\x3f\x23\x2d\xaa\
\x94\x23\xff\x6f\xb6\x9c\xbb\xca\x78\x3c\x79\x8e\x97\x31\xd2\x33\
\x3c\x1b\xb7\x98\xfb\x26\xc0\x17\x33\xe6\x1f\x9d\xf7\x5d\x83\xe1\
\xbf\x71\x8c\x1f\x23\x5e\xf0\x6e\x4a\x9a\xde\xb8\xdf\xf6\x4f\x99\
\x6e\xa7\xaf\x0e\x76\xea\xf9\xc1\x4e\xed\x45\xec\x9e\xc6\xe4\x58\
\x07\xbc\x11\x58\x14\xcc\x69\x2e\x8b\x48\x0f\x31\x46\x9f\x7e\x9e\
\x9c\xf7\x23\x1b\xce\x59\xdd\xf1\x65\xf2\x9d\x44\x2f\xa5\x9d\x5f\
\x46\x7b\x02\xbf\xc8\x98\xf7\xc9\x2d\xe4\xac\x6e\x78\x14\x8e\xf1\
\x6b\x89\x8f\xf1\x7f\x17\xcc\x61\xda\x85\x8f\x76\x0d\xee\x34\xc7\
\x2f\xd7\xff\x08\xe6\x30\x35\x7e\x4a\x73\xbf\x2e\x0e\x04\x2e\xc9\
\x9c\xef\x07\x1b\xca\x55\xdd\xb4\x03\xf1\xf7\x88\x27\xc7\x1a\xd2\
\xab\x41\x4d\x4c\xa6\xb3\x29\xf0\x4e\xd2\xd4\xa5\xb9\xf2\xbd\x0b\
\x58\xde\x40\xae\xea\xae\x0f\x51\xf7\x18\xff\xfe\x0c\x79\x7d\x3b\
\x98\xc3\xce\x33\xed\x38\x32\x6d\x63\x8e\xb9\xca\xb7\x20\xad\x9a\
\x96\xf3\x03\x1f\x25\x2d\xfa\x90\xeb\x20\x39\x80\xf8\xfb\x9f\xd3\
\xc5\xf5\xc0\x96\x99\x72\xd4\xe0\x78\x1d\xf9\x8f\xa5\x1b\x81\xd7\
\x12\x7b\x3b\x67\xc2\xe6\xc0\x31\xa4\x15\xfa\x72\xe7\x79\x6c\x86\
\xfc\x34\x58\x96\x51\xf7\x18\x1f\xfd\x37\xb9\x9c\xd8\xd5\x88\x1f\
\xcf\xb6\xf3\x63\x83\x1d\x3c\x21\xd8\x39\x48\x4f\x37\xe6\x78\x42\
\x7a\xba\xf8\x39\x69\x30\xdb\x83\xde\x27\x60\x58\x40\xba\xec\x79\
\x0c\xe9\x32\x6b\x13\x79\x8d\x02\x87\xf6\xfc\x09\x69\x98\x2c\x22\
\xcd\xa5\xd1\xc4\x71\x75\x27\xe9\x61\xa1\x23\x98\xdf\xc0\xb3\x84\
\xb4\x44\xea\xe7\x89\xcd\x73\x3e\x5b\x9c\x4f\x9a\x24\x46\xf5\x79\
\x1a\x75\x8e\xf1\xd1\xb7\xe5\x20\xad\x08\x1a\xc9\xe3\x35\x53\x3b\
\x3e\xd9\x8e\xa4\x49\x46\xfa\x9d\x9d\x68\xf5\xf8\x3e\x7e\xdf\xe7\
\xf6\x13\x8e\x07\x5e\x19\xdc\xc7\x5c\x6e\x24\x55\x43\x97\x91\x16\
\x54\xb8\x83\xb4\x3e\xf4\xe6\xa4\x39\xdb\x1f\x42\xba\x2d\xb2\x37\
\x69\x8e\xf3\x26\x5d\x4c\xba\x74\x3b\xe8\xfe\x00\x5c\x4e\x7a\x52\
\xb6\x69\x1b\x90\xee\xa5\x6d\x07\xdc\xaf\x85\xf6\x9a\xb4\x13\x69\
\xce\xf4\x26\xad\x27\x5d\xe1\xfb\x05\xe9\xdf\xf8\x8d\xa4\x87\x77\
\x21\x5d\xde\xdf\x86\x74\x69\x70\x37\xd2\xe7\xda\xf4\xc9\xf9\xb8\
\xf1\x3c\x54\xa7\x63\x49\xaf\xc3\x36\xa9\x4b\x63\xfc\x7b\x80\x7f\
\x0d\xee\x63\x5b\xd2\xcc\xb9\x1b\xcd\xf5\x17\x67\xb1\x13\x69\xd2\
\xae\x19\x45\x66\x17\x1a\x23\xcf\xe2\x0d\x8b\x81\x1f\x04\xf3\x30\
\xca\xc4\x28\xf0\x7d\x52\x95\xdf\x84\xad\x48\x57\x9a\x56\x74\xa0\
\xaf\x86\x61\x18\x73\xc5\xf9\xa4\x1f\x2c\x51\xef\x09\xe6\xf1\xfd\
\x5e\x1a\x79\x55\xb0\x91\x95\xc0\xd2\x60\x47\x01\x1e\x48\x5a\x6e\
\xb8\xf4\x97\x67\xf4\x1f\x1f\x22\xef\x53\xba\x8f\x25\xdd\x47\x2b\
\xdd\x2f\xc3\x30\x8c\x5e\xe2\x2a\xe0\x01\xc4\xdd\x9f\x74\xc5\x2e\
\x92\xcb\xb4\x4f\xff\x4f\xb5\x8c\xf8\x5c\xe5\xef\x8a\xf5\xf5\x5e\
\x3b\x01\x37\x04\x73\x31\xca\xc6\x7f\xdc\xe7\x5b\xed\xcf\xae\xf8\
\xab\xdf\x30\x8c\xc1\x89\x9b\x49\xe3\x56\x0e\xc7\x07\x73\x59\xc5\
\x3c\x1e\x32\x8f\x3e\x68\xb0\x16\x78\x44\xff\x7d\xfd\x13\x8f\x05\
\x6e\x0f\xe6\x63\x94\x8d\x83\xef\xf3\xad\xce\xdf\xb9\x1d\xe8\x87\
\x61\x18\x46\x2f\x71\x1b\xf0\x18\xf2\xd8\x83\xf8\xeb\xb7\xf3\xfa\
\x21\xb6\x33\xf1\x89\x0f\xce\x25\xb6\xd4\xe1\x64\x8f\x22\xff\xab\
\x23\x46\x7b\x11\x9d\x23\xe2\xc0\x0e\xf4\xc1\x30\x0c\xa3\x97\xb8\
\x9e\x7c\x13\xba\x2d\x00\xce\x0e\xe6\xb3\x9e\x74\x35\xfd\x3e\x66\
\x9a\x43\xfc\x0a\xe2\x6b\x30\x1f\x08\xfc\x75\x70\x1f\x13\x7e\x42\
\x7a\x37\xd3\xa7\x86\x07\xd3\x41\xc4\xde\x7f\x7d\x7a\xa6\x3c\x24\
\xa9\x49\x57\x90\xce\x55\x3f\xcd\xb4\xbf\xbf\x07\x9e\x18\xdc\xc7\
\x57\x99\xe1\xdc\x39\xdb\x22\x22\xc7\x07\x1b\x85\xf4\xd4\xe2\xfd\
\x33\xec\x07\xd2\xc3\x14\xfb\x03\x5f\xcb\xb4\x3f\xb5\x67\x03\x62\
\x33\xbe\xcd\x38\x73\x95\x24\x75\xc4\x19\xa4\x73\xd4\x6f\x32\xed\
\x6f\x1b\xf2\xbc\x55\x37\xe3\xb9\x7c\xb6\x02\xe0\x6c\xe0\x82\x60\
\xc3\xdb\x90\xd6\x3e\xcf\xb5\x5a\xd9\x1f\x48\xaf\x97\x1d\x4b\x9a\
\x0b\x5a\x83\x63\xc3\xc0\xb6\x83\xfe\x9e\xbf\xa4\xe1\xb5\x8e\x34\
\xf3\xe6\xd3\x81\x5b\x32\xed\x73\x04\xf8\x0c\xe9\xb5\xe7\x88\xf3\
\x80\xef\xce\xd6\xc8\x6c\x26\x5e\x09\x8c\x78\x2a\xf1\x09\x10\x26\
\x1b\x23\x55\x45\x07\x92\xef\x32\x8b\x9a\x77\x5d\x60\xdb\x36\x26\
\x16\x92\xa4\xf9\xfa\x09\x69\x65\xcf\x77\x11\x3f\x57\x4e\xf6\x3a\
\xd2\x0a\x84\x11\x63\x4c\x99\xf9\xaf\x1f\x39\x96\xfd\x5c\x4b\xfa\
\x90\x72\x5b\x04\xbc\x02\xdf\x12\xe8\x7a\x5c\x3a\xd3\x17\xd8\xa3\
\xa3\x3a\xd0\x07\xc3\x30\x8c\x89\x58\x45\xfa\xd5\xdf\xc4\x6a\x84\
\x4f\x24\xcf\xaa\x89\x9f\xcf\x91\xcc\x0e\xa4\x29\x7e\xa3\xc9\x5c\
\x4b\x9a\xca\xb0\x09\xdb\x92\x9e\x37\x88\xac\x91\x6c\x34\x17\xff\
\x3c\xf3\x57\xd7\x93\x8d\x49\x57\x01\x4a\xf7\xc3\x30\x8c\xba\xe3\
\x0e\xd2\xaf\xfd\x6d\x68\xc6\x76\xe4\x19\xeb\xee\x26\xe3\x4a\x9b\
\x13\x97\x37\xa2\x71\x09\x79\x66\x09\x9c\xc9\x32\xd2\xda\xcd\x4e\
\x1e\xd4\x9d\xf8\x31\x69\x6a\xe7\xa8\xe7\xd2\xdc\x02\x22\x86\x61\
\x18\xb3\xc5\xef\x49\xe7\x96\x65\x34\x67\x09\x69\x5d\x98\x1c\xf9\
\x66\x5d\x5b\x66\x0b\xd2\xc2\x0a\x39\x12\xfb\x0e\xb1\x07\xc2\x7a\
\xb1\x88\xb4\xba\xde\x17\x68\x6e\x35\x33\x63\xee\xb8\x1c\xd8\x7e\
\x8e\xef\x6a\x3e\x8e\xc3\x22\xc0\x30\x8c\x76\xe2\x2e\xd2\x65\xf4\
\x43\x69\xe6\x52\xff\x64\x1b\x91\x6f\xb2\xb3\x1b\x48\xc5\x44\x56\
\x87\x67\x4a\x6e\x8c\xf4\x5e\x62\xd3\x1f\xe8\x84\x8d\x80\x27\x93\
\x56\x5b\xbb\x80\x3c\xb7\x33\x8c\xd9\x63\x1d\xf0\x71\x9a\xb9\xda\
\xf3\x0c\xd2\x2b\xa1\xa5\xfb\x68\x18\xc6\x70\xc5\x6a\xd2\x39\xe2\
\xad\xc0\x93\x88\xad\xba\x37\x1f\x0b\x81\xff\x97\xb1\x1f\x7f\xd9\
\x6b\xc3\xf3\x9d\xa9\xef\x53\xc0\xf3\xe7\xb9\xcd\x4c\x3e\x03\xbc\
\x90\xf6\x5f\xe7\x5b\x48\xba\x37\xb2\x0b\x69\x9e\xe6\x65\xa4\xa5\
\x21\x37\x25\x36\x59\x8d\xd2\x6b\x9a\x97\x91\x0a\xbc\xdf\x36\xd8\
\xce\x62\xe0\x10\xd2\x14\xc3\xc3\xb0\x1c\xb0\xa4\xf6\xac\x24\x3d\
\xc4\x77\x07\x7f\x5c\xc2\xfc\x57\xa4\x31\x6b\x7d\xcb\xb9\x6c\x40\
\xfa\xb1\xf4\x37\x99\xf6\xf7\x49\xd2\xe4\x41\x8d\x58\x42\xfa\x90\
\x72\x55\x2a\xdf\x24\x9d\x78\x25\x49\xaa\xc9\xc6\xa4\xc9\x83\x72\
\x9d\x4f\xaf\xa5\xd9\x67\xec\x80\x74\x69\x24\xe7\x7d\xd8\x1f\x90\
\x6f\xb6\x40\x49\x92\xba\x6e\x29\xf0\x3d\xf2\x9d\x47\x47\x81\xbf\
\x68\x2b\xf9\xff\x9b\x31\xf1\x31\xd2\x7b\xe2\xcb\xdb\x4a\x5e\x92\
\xa4\x42\x76\x04\x7e\x49\xde\x73\x68\x8e\xa9\xfb\x7b\xb6\x01\xf0\
\xed\xcc\x1d\xb8\x1d\x38\xb2\xcd\x4e\x48\x92\xd4\xa2\x23\x80\x15\
\xe4\x3d\x77\x9e\x4b\x9e\x57\xad\xe7\x65\x19\x69\x85\xa1\x9c\x1d\
\x19\x03\x4e\xa2\x40\x67\x24\x49\x6a\xc8\x06\xa4\x29\xec\x73\xbf\
\xc6\xfc\x1b\xe2\xeb\x05\xf4\x6d\x4f\x9a\x99\x7d\xef\x87\xb8\x02\
\x9c\x24\x69\xf0\xed\x02\x5c\x48\xfe\xf3\xe4\x4a\x60\x8f\x16\xfb\
\x31\xad\x23\x48\xaf\x4e\xe4\xee\xdc\x3d\xc0\x09\xc0\x26\xed\x75\
\x45\x92\xa4\x2c\x36\x02\xde\x48\x9a\x96\x37\xf7\xf9\x71\x3d\x69\
\x6e\x9e\x4e\xf8\x17\xf2\x77\x70\x22\x7e\x4d\x9a\x89\x49\x92\xa4\
\x41\x70\x18\xcd\x4e\x58\xf6\x8a\xf6\xba\xd2\x9b\xd7\xd0\x5c\x67\
\xc7\x80\x53\x81\xbd\x5b\xeb\x8d\x24\x49\xf3\xf3\x18\xe0\x74\x9a\
\x3d\x17\xbe\xba\xb5\xde\xcc\xd3\xab\x69\xb6\xe3\x63\xa4\x77\x27\
\x9f\xd4\x56\x87\x24\x49\x9a\xc3\x01\xc0\x69\x34\xbf\x56\xc9\xeb\
\xda\xea\x5d\x16\x33\xad\x00\x00\x09\x1f\x49\x44\x41\x54\x50\xbf\
\xfe\x8d\xe6\x8b\x80\x31\xd2\xa2\x42\xcf\xc0\x37\x06\x24\x49\xed\
\x5b\x0c\x3c\x13\x38\x9b\x76\xce\x79\x9d\x3f\xf9\x4f\xf8\x3f\xb4\
\xf3\x81\x8c\x91\xe6\x72\xfe\x00\xb0\x6f\x2b\x3d\x93\x24\xd5\x6c\
\x7f\xe0\x3f\x81\x5b\x68\xe7\x1c\x37\xca\x00\x9d\xfc\x27\xbc\x00\
\x58\x43\x7b\x85\xc0\x18\x69\x21\x9a\xf7\x90\x1e\x1a\x74\x8d\x01\
\x49\x52\xd4\x66\xc0\xd3\x80\xf7\x92\x16\x0e\x6a\xf3\x9c\xb6\x1a\
\xf8\xdb\xa6\x3a\x36\xdf\xd5\x00\xe7\xeb\x09\xc0\x29\xa4\x49\x83\
\xda\xb6\x8e\x34\x9f\xc0\xb7\x81\x8b\x49\xc5\xc1\xaf\x49\xaf\x17\
\x4a\x92\x34\xd5\x62\xd2\x1c\x34\xbb\x02\x7b\x91\x56\x1d\x7d\x0c\
\xed\x2d\x5f\x3f\xd9\x1f\x48\xb7\x18\xbe\xd7\x54\x03\x4d\x17\x00\
\x00\x3b\x91\x56\x3c\xda\xa5\x85\xb6\xe6\xb2\x9e\x34\x73\xd2\xe5\
\xa4\x95\x93\x6e\x23\x4d\x64\xb4\x6a\x3c\x56\x96\x4b\x4d\x92\xd4\
\x82\xcd\x49\x57\x88\x37\x25\xfd\xba\xdf\x02\xd8\x9e\x74\xd2\x5f\
\x4e\x5a\x32\xbe\xb4\xcb\x48\xaf\x12\x5e\xd9\x64\x23\x6d\x14\x00\
\x00\x5b\x02\x9f\x03\x9e\xd2\x52\x7b\x92\x24\x0d\xa2\x33\x81\xbf\
\x01\x6e\x6d\xba\xa1\x91\xa6\x1b\x18\xb7\x82\x74\x5f\xfe\x68\xe0\
\xae\x96\xda\x94\x24\x69\x50\xac\x06\x8e\x01\x9e\x4e\x0b\x27\x7f\
\x68\xef\x0a\xc0\x64\x0f\x27\x5d\x0d\x78\x74\x81\xb6\x25\x49\xea\
\x9a\x9f\x03\x7f\x0d\x5c\xd2\x66\xa3\x25\xee\x75\xfc\x01\xf8\x38\
\xe9\xd5\x86\x27\x50\xa6\x08\x91\x24\xa9\xb4\x31\xe0\x3f\x80\x23\
\x81\xeb\xdb\x6e\xbc\xf4\xc9\x77\x6f\xd2\x82\x3f\x07\x14\xce\x43\
\x92\xa4\x36\xfd\x08\x78\x39\x70\x41\xa9\x04\xda\x7a\x06\x60\x26\
\x17\x01\x07\x02\xcf\x01\xae\x29\x9c\x8b\x24\x49\x4d\xbb\x9e\xf4\
\x3c\xdc\xbe\x14\x3c\xf9\x43\x37\x5e\x77\x00\xf8\x05\xf0\x11\x60\
\x2d\xb0\x1f\x65\xde\xb9\x94\x24\xa9\x29\x6b\x49\x33\x08\x3e\x0b\
\x38\x9f\x74\xf9\xbf\xa8\xd2\xb7\x00\xa6\xf3\x60\xe0\x55\xc0\x8b\
\x81\x4d\x0a\xe7\x22\x49\x52\xc4\x2a\xe0\xa3\xc0\xfb\x48\xf3\xcf\
\x74\x46\x17\x0b\x80\x09\x9b\x03\x7f\x0f\xbc\x16\x78\x40\xe1\x5c\
\x24\x49\x9a\x8f\x9b\x81\x0f\x92\x1e\xf2\xbb\xa5\x70\x2e\xd3\xea\
\x72\x01\x30\x61\x63\x52\x21\xf0\x8f\xc0\x1e\x85\x73\x91\x24\x69\
\x36\x3f\x03\x3e\x04\x7c\x02\xb8\xbb\x70\x2e\xb3\x1a\x84\x02\x60\
\xb2\xdd\x49\xaf\x4b\x3c\x1f\xd8\xa1\x70\x2e\x92\x24\x01\xfc\x0e\
\xf8\x32\xf0\x69\xd2\xc3\xed\x03\x61\xd0\x0a\x80\x09\x23\xc0\x41\
\xc0\xf3\x80\xa7\x02\xdb\x15\xcd\x46\x92\x54\x9b\xeb\x81\xaf\x91\
\x26\xb6\x3b\x87\x34\xb7\xcd\x40\x19\xd4\x02\x60\xaa\x1d\x81\x27\
\x03\x8f\x27\xad\xde\xf4\xc0\xb2\xe9\x48\x92\x86\xcc\xcd\xc0\x0f\
\x48\xab\xf3\x9d\x05\xfc\x98\x0e\x3c\xc9\x1f\x31\x2c\x05\xc0\x64\
\x0b\x80\x3d\x81\x7d\x80\x47\x8c\xc7\xc3\xf0\x41\x42\x49\x52\x6f\
\xae\x27\xad\xc8\xf7\x33\xd2\xf4\xbc\x17\x92\xa6\xeb\x1d\xe8\x13\
\xfe\x54\xc3\x58\x00\xcc\x64\x63\xd2\x95\x82\x9f\x05\xf6\x71\x72\
\xa6\x5c\x24\x49\xcd\x38\x32\xb0\xed\x9e\xa4\x25\x78\x3b\xfd\xf0\
\x5e\x2e\x35\x15\x00\x13\x22\x15\x5c\x8d\x9f\x97\x24\x0d\x12\xc7\
\xf8\x1e\x95\x9e\x0a\x58\x92\x24\x15\x60\x01\x20\x49\x52\x85\x2c\
\x00\x24\x49\xaa\x90\x05\x80\x24\x49\x15\xb2\x00\x90\x24\xa9\x42\
\x16\x00\x92\x24\x55\xc8\x02\x40\x92\xa4\x0a\x59\x00\x48\x92\x54\
\x21\x0b\x00\x49\x92\x2a\x64\x01\x20\x49\x52\x85\x2c\x00\x24\x49\
\xaa\x90\x05\x80\x24\x49\x15\xb2\x00\x90\x24\xa9\x42\x8b\x4a\x27\
\x50\xb9\x25\xa4\xe5\x27\x97\x01\xb7\x90\xd6\x9d\x5e\x59\x34\x23\
\x49\x6a\x8e\x63\x9e\x8a\x1a\x0b\x44\x2e\x7b\x00\x5f\x01\xd6\x4c\
\xd9\xff\x1a\xe0\x14\x60\xf7\x8c\x6d\x49\x52\x69\x6d\x8e\x79\x5d\
\x18\xe3\xd5\x51\xa5\x0f\x8e\x17\x71\xdf\x7f\x04\x53\x63\x0d\xf0\
\xc2\x4c\xed\x49\x52\x49\x2f\xa6\xdd\x31\xaf\xf4\x18\xaf\x0e\x2b\
\x79\x70\x3c\x0b\x18\xed\xb1\xad\x51\xe0\xa8\x0c\x6d\x4a\x52\x29\
\x25\xc6\x3c\x0b\x00\xcd\xa8\xd4\xc1\xb1\x14\x58\x31\xcf\xf6\x6e\
\x25\xdd\x2b\x93\xa4\x41\x53\x6a\xcc\xb3\x00\xe8\x91\x6f\x01\xb4\
\xe7\x65\xa4\x7f\x10\xf3\xb1\x05\x70\x74\x03\xb9\x48\x52\xd3\x1c\
\xf3\xd4\x39\xa5\xaa\xc3\x1f\xf6\xd9\xe6\xf7\x83\xed\x4a\x52\x09\
\xa5\xc6\x3c\xaf\x00\x68\x46\xa5\x0e\x8e\xdb\xfa\x6c\x73\x45\xb0\
\x5d\x49\x2a\xa1\xd4\x98\x67\x01\xd0\xa3\x05\xa5\x13\x28\x20\xf2\
\x25\x47\x3e\xaf\x52\xed\x4a\x52\x09\x8e\xb5\x1d\xe7\x33\x00\x92\
\x24\x55\xc8\x02\x40\x92\xa4\x0a\x59\x00\x48\x92\x54\x21\x0b\x00\
\x49\x92\x2a\x64\x01\x20\x49\x52\x85\x2c\x00\x24\x49\xaa\x90\x05\
\x80\x24\x49\x15\xb2\x00\x90\x24\xa9\x42\x16\x00\x92\x24\x55\xc8\
\x02\x40\x92\xa4\x0a\x59\x00\x48\x92\x54\x21\x0b\x00\x49\x92\x2a\
\x64\x01\x20\x49\x52\x85\x2c\x00\x24\x49\xaa\x90\x05\x80\x24\x49\
\x15\xb2\x00\x90\x24\xa9\x42\x16\x00\x92\x24\x55\xc8\x02\x40\x92\
\xa4\x0a\x59\x00\x48\x92\x54\x21\x0b\x00\x49\x92\x2a\x64\x01\x20\
\x49\x52\x85\x2c\x00\x24\x49\xaa\x90\x05\x80\x24\x49\x15\xb2\x00\
\x90\x24\xa9\x42\x16\x00\x92\x24\x55\xc8\x02\x40\x92\xa4\x0a\x59\
\x00\x48\x92\x54\x21\x0b\x00\x49\x92\x2a\x64\x01\x20\x49\x52\x85\
\x2c\x00\x24\x49\xaa\x90\x05\x80\x24\x49\x15\xb2\x00\x90\x24\xa9\
\x42\x16\x00\x92\x24\x55\xc8\x02\x40\x92\xa4\x0a\x59\x00\x48\x92\
\x54\x21\x0b\x00\x49\x92\x2a\x64\x01\x20\x49\x52\x85\x2c\x00\x24\
\x49\xaa\x90\x05\x80\x24\x49\x15\xb2\x00\x90\x24\xa9\x42\x16\x00\
\x92\x24\x55\xc8\x02\x40\x92\xa4\x0a\x59\x00\x48\x92\x54\x21\x0b\
\x00\x49\x92\x2a\x64\x01\x20\x49\x52\x85\x2c\x00\x24\x49\xaa\x90\
\x05\x80\x24\x49\x15\xb2\x00\x90\x24\xa9\x42\x16\x00\x92\x24\x55\
\xc8\x02\x40\x92\xa4\x0a\x59\x00\x48\x92\x54\xa1\x45\xa5\x13\x50\
\x4f\x8e\x2c\x9d\x80\x24\x69\xb8\x2c\x28\x9d\x40\x01\x63\x81\x6d\
\x23\x9f\x57\xa4\x5d\x49\xaa\x49\xa9\xb1\xb6\xaa\x73\xa2\xb7\x00\
\x24\x49\xaa\x90\x05\x80\x24\x49\x15\xb2\x00\x90\x24\xa9\x42\x16\
\x00\x92\x24\x55\xc8\x02\x40\x92\xa4\x0a\x59\x00\x48\x92\x54\x21\
\x0b\x00\x49\x92\x2a\x64\x01\x20\x49\x52\x85\x2c\x00\x24\x49\xaa\
\x90\x05\x80\x24\x49\x15\xb2\x00\x90\x24\xa9\x42\x16\x00\x92\x24\
\x55\xc8\x02\x40\x92\xa4\x0a\xb9\x1c\xf0\x60\x38\xb9\x74\x02\x92\
\x34\x4f\x2e\x63\xde\x71\x55\x2d\x7d\x38\x6e\x10\x97\x03\xae\xf1\
\x7b\x92\x34\xd8\x1c\x6b\x3b\xce\x5b\x00\x92\x24\x55\xc8\x02\x40\
\x92\xa4\x0a\x59\x00\x48\x92\x54\x21\x0b\x00\x49\x92\x2a\x64\x01\
\x20\x49\x52\x85\x2c\x00\x24\x49\xaa\x90\x05\x80\x24\x49\x15\xb2\
\x00\x90\x24\xa9\x42\x16\x00\x92\x24\x55\xc8\x02\x40\x92\xa4\x0a\
\x59\x00\x48\x92\x54\x21\x0b\x00\x49\x92\x2a\x64\x01\x20\x49\x52\
\x85\x5c\x0e\x78\x30\xb8\xac\xa6\x24\x29\xab\xaa\x96\x3e\x1c\x37\
\x88\x4b\x54\x4a\x52\x4d\x5c\x0e\xb8\x05\xde\x02\x90\x24\xa9\x42\
\x16\x00\x92\x24\x55\xc8\x02\x40\x92\xa4\x0a\x59\x00\x48\x92\x54\
\x21\x0b\x00\x49\x92\x2a\x64\x01\x20\x49\x52\x85\x2c\x00\x24\x49\
\xaa\x90\x05\x80\x24\x49\x15\xb2\x00\x90\x24\xa9\x42\x16\x00\x92\
\x24\x55\xc8\x02\x40\x92\xa4\x0a\x59\x00\x48\x92\x54\x21\x0b\x00\
\x49\x92\x2a\xe4\x72\xc0\x83\xe1\xe4\xd2\x09\x48\xd2\x3c\xb9\x8c\
\x79\xc7\x55\xb5\xf4\xe1\xb8\x41\x5c\x0e\xb8\xc6\xef\x49\xd2\x60\
\x73\xac\xed\x38\x6f\x01\x48\x92\x54\x21\x0b\x00\x49\x92\x2a\x64\
\x01\x20\x49\x52\x85\x2c\x00\x24\x49\xaa\x90\x05\x80\x24\x49\x15\
\xb2\x00\x90\x24\xa9\x42\x16\x00\x92\x24\x55\xc8\x02\x40\x92\xa4\
\x0a\x59\x00\x48\x92\x54\x21\x0b\x00\x49\x92\x2a\x64\x01\x20\x49\
\x52\x85\x2c\x00\x24\x49\xaa\x90\x05\x80\x24\x49\x15\xb2\x00\x90\
\x24\xa9\x42\x16\x00\x92\x24\x55\xc8\x02\x40\x92\xa4\x0a\x59\x00\
\x48\x92\x54\x21\x0b\x00\x49\x92\x2a\x64\x01\x20\x49\x52\x85\x2c\
\x00\x24\x49\xaa\x90\x05\x80\x24\x49\x15\xb2\x00\x90\x24\xa9\x42\
\x16\x00\x92\x24\x55\xc8\x02\x40\x92\xa4\x0a\x59\x00\x48\x92\x54\
\x21\x0b\x00\x49\x92\x2a\x64\x01\x20\x49\x52\x85\x2c\x00\x24\x49\
\xaa\x90\x05\x80\x24\x49\x15\xb2\x00\x90\x24\xa9\x42\x16\x00\x92\
\x24\x55\xc8\x02\x40\x92\xa4\x0a\x59\x00\x48\x92\x54\x21\x0b\x00\
\x49\x92\x2a\x64\x01\x20\x49\x52\x85\x2c\x00\x24\x49\xaa\x90\x05\
\x80\x24\x49\x15\xb2\x00\x90\x24\xa9\x42\x16\x00\x92\x24\x55\xc8\
\x02\x40\x92\xa4\x0a\x59\x00\x48\x92\x54\x21\x0b\x00\x49\x92\x2a\
\x64\x01\x20\x49\x52\x85\x16\x95\x4e\x20\xa3\x25\xc0\x9e\xc0\xd6\
\xc0\xc2\x86\xda\x38\xb2\xa1\xfd\x46\xda\x5d\x0f\xdc\x04\x5c\x02\
\xac\x6c\x27\x1d\x49\x15\x73\xac\x75\xac\xed\x8c\x3d\x80\xaf\x00\
\x6b\x80\xb1\x8a\x63\x0d\x70\x0a\xb0\x7b\xec\xe3\x94\xa4\x69\x39\
\xd6\x3a\xd6\x76\xca\x8b\xf0\x60\x9c\xee\xe0\x7c\x61\xe4\x43\x95\
\xa4\x29\x5e\x8c\x63\xad\x63\x6d\x87\x3c\x0b\x18\xa5\xfc\x41\xd0\
\xc5\x18\x05\x8e\xea\xff\xa3\x95\xa4\x7b\x39\xd6\x0e\xe9\x58\xbb\
\xa0\x74\x02\x7d\x5a\x0a\x5c\x39\xfe\xa7\xa6\x77\x1b\xb0\x13\x70\
\x4b\xe9\x44\x24\x0d\x2c\xc7\xda\xb9\x0d\xec\x58\x3b\xa8\x6f\x01\
\xbc\x0c\x0f\xc8\xb9\x6c\x01\x1c\x5d\x3a\x09\x49\x03\xcd\xb1\x76\
\x6e\x03\x3b\xd6\x0e\x6a\x01\x70\x78\xe9\x04\x06\x84\x9f\x93\xa4\
\x08\xc7\x90\xde\x0c\xe4\xe7\x34\xa8\xb7\x00\x6e\x23\xbd\x8a\xa2\
\xd9\xdd\x0a\x6c\x59\x3a\x09\x49\x03\xcb\xb1\xb6\x37\x03\x39\xd6\
\x0e\xea\x15\x80\xc5\xa5\x13\x18\x10\xf7\x2b\x9d\x80\xa4\x81\xe6\
\x58\xdb\x9b\x81\x1c\x6b\x07\xb5\x00\xf8\x5d\xe9\x04\x06\xc4\x75\
\xa5\x13\x90\x34\xd0\x1c\x6b\x7b\x33\x90\x63\xed\xa0\x16\x00\xdf\
\x2a\x9d\xc0\x80\x38\xab\x74\x02\x92\x06\x9a\x63\x6d\x6f\x1c\x6b\
\x5b\xf4\x68\xd2\xb4\x8c\xa5\xdf\x01\xed\x72\xac\x07\x1e\xd9\xef\
\x07\x2c\x49\x38\xd6\x3a\xd6\x76\xd4\x07\x29\xff\xc5\x77\x39\x3e\
\xd0\xff\x47\x2b\x49\xf7\x72\xac\x75\xac\xed\x9c\xc5\xc0\x69\x94\
\xff\xf2\xbb\x18\xa7\x02\x1b\xf4\xff\xd1\x4a\xd2\xbd\x16\x03\xa7\
\x53\x7e\x5c\xeb\x62\x38\xd6\x16\xb4\x10\x38\x96\xb4\x32\x53\xe9\
\x03\xa1\x0b\x71\x3b\x70\x0c\x83\xfb\x6c\x87\xa4\x6e\x5a\x08\x1c\
\x87\x63\xed\x50\x8d\xb5\x83\x3a\x0f\xc0\x54\x5b\x00\x87\x01\xfb\
\x00\xdb\xd0\xdc\x12\x95\x5d\xb4\x1e\xb8\x11\xb8\x10\x38\x83\xf4\
\xde\xae\x24\x35\x61\x29\xf0\x34\x1c\x6b\x1d\x6b\x25\x49\x92\x24\
\x49\x92\x24\x49\x92\x24\x49\x92\x24\x49\x92\x24\x49\x92\x24\x49\
\x92\x24\x49\x92\x24\x49\x92\x24\x49\x92\x24\x49\x92\x24\x49\x92\
\x24\x49\x92\x24\x49\x92\x24\x49\x92\x24\x49\x92\x24\x49\x92\x24\
\x49\x92\x24\x49\x92\x24\x49\x92\x24\x49\x92\x24\x49\x92\x24\x49\
\x92\x24\x49\x92\x24\x49\x92\x24\x49\x92\x24\x49\x92\x24\x49\x92\
\x24\x49\x92\x24\x49\x02\xe0\x7f\x00\x98\xef\xd3\x94\x21\xb6\xaa\
\x0c\x00\x00\x00\x00\x49\x45\x4e\x44\xae\x42\x60\x82\
\x00\x00\x54\x40\
\x89\
\x50\x4e\x47\x0d\x0a\x1a\x0a\x00\x00\x00\x0d\x49\x48\x44\x52\x00\
\x00\x02\x00\x00\x00\x02\x00\x08\x06\x00\x00\x00\xf4\x78\xd4\xfa\
\x00\x00\x00\x04\x73\x42\x49\x54\x08\x08\x08\x08\x7c\x08\x64\x88\
\x00\x00\x00\x09\x70\x48\x59\x73\x00\x00\x0b\xd0\x00\x00\x0b\xd0\
\x01\x77\x31\x74\x8f\x00\x00\x00\x19\x74\x45\x58\x74\x53\x6f\x66\
\x74\x77\x61\x72\x65\x00\x77\x77\x77\x2e\x69\x6e\x6b\x73\x63\x61\
\x70\x65\x2e\x6f\x72\x67\x9b\xee\x3c\x1a\x00\x00\x20\x00\x49\x44\
\x41\x54\x78\x9c\xec\xdd\x77\x98\x5d\x55\xd5\xc7\xf1\xef\x8f\xde\
\x42\xef\x1d\x94\xa6\x28\x48\x97\xde\x03\x48\x93\x22\x25\x54\x51\
\x8a\x80\xc2\x2b\x1d\x0b\x48\x07\x41\x3a\x08\x82\x42\xe8\x9d\x88\
\xf4\xde\x7b\x47\xa5\x48\x4f\xe8\x84\x16\x92\x40\x92\xf5\xfe\xb1\
\xcf\x84\x99\x90\x32\x33\x77\xed\x73\xce\xbd\x77\x7d\x9e\x67\x1e\
\x7c\x79\xc3\xda\x3b\xd3\xd6\x3a\xfb\xec\xbd\xb6\xcc\x8c\x10\x42\
\xe8\x09\x49\x73\x00\x8b\x14\x1f\x0b\x03\x33\x03\xd3\x02\x7d\x3a\
\x7d\x74\xfc\xdf\x53\x03\x43\x81\xcf\x3b\x7d\x7c\xd6\xe9\x7f\x0f\
\x06\x5e\x06\x5e\x02\x5e\x04\xde\x30\xb3\x51\x25\xfe\x75\x42\x68\
\x4b\x8a\x02\x20\x84\x30\x2e\x92\xa6\x06\x56\x06\x96\xa7\x6b\xc2\
\xef\x93\x71\xd8\xe1\xc0\x2b\xa4\x62\xe0\x45\xe0\x29\xe0\x6e\x33\
\xfb\x20\xe3\x98\x21\xb4\x9d\x28\x00\x42\x08\xa3\x49\x9a\x12\xf8\
\x31\xb0\x26\xb0\x06\xb0\x2c\x30\x69\xa5\x93\x4a\x0c\x78\x1e\xb8\
\x0b\xb8\x13\xb8\xd7\xcc\x06\x57\x3b\xa5\x10\x9a\x5b\x14\x00\x21\
\xb4\x39\x49\x73\x03\xfd\x80\xf5\x81\x15\x80\xc9\xab\x9d\x51\xb7\
\x8c\x02\x9e\x06\x6e\x05\x2e\x36\xb3\xe7\x2b\x9e\x4f\x08\x4d\x27\
\x0a\x80\x10\xda\x50\xb1\xb4\xbf\x19\xb0\x03\xe9\x69\x7f\xa2\x6a\
\x67\xd4\xb0\xa7\x80\x0b\x81\x4b\xcc\xec\xfd\xaa\x27\x13\x42\x33\
\x88\x02\x20\x84\x36\x21\x49\xc0\xea\xc0\x8e\xc0\xe6\xc0\x34\x95\
\x4e\x28\x8f\x11\xc0\x2d\xa4\x62\x60\x80\x99\x0d\xab\x78\x3e\x21\
\xd4\x56\x14\x00\x21\xb4\x38\x49\x93\x00\xdb\x03\x07\x91\x36\xf0\
\xb5\x8b\x8f\x80\x93\x81\xd3\xcc\xec\xd3\xaa\x27\x13\x42\xdd\x44\
\x01\x10\x42\x8b\x92\x34\x39\xf0\x73\xe0\x40\x60\xbe\x8a\xa7\x53\
\xa5\x4f\x81\xd3\x81\x93\xcd\xec\xc3\xaa\x27\x13\x42\x5d\x44\x01\
\x10\x42\x8b\x91\x34\x15\xb0\x1b\xb0\x1f\x30\x67\xc5\xd3\xa9\x93\
\x21\xc0\xd9\xc0\x89\x66\xf6\x4e\xd5\x93\x09\xa1\x6a\x51\x00\x84\
\xd0\x22\x24\x4d\x04\xec\x0e\x1c\x4e\x6a\xcc\x13\xc6\x6e\x18\x69\
\x45\xe0\x70\x33\xfb\xa2\xea\xc9\x84\x50\x95\x28\x00\x42\x68\x01\
\x92\x96\x03\xce\x04\x96\xae\x7a\x2e\x4d\xe4\x6d\x60\x5f\x33\xbb\
\xaa\xea\x89\x84\x50\x85\x66\x3f\xfa\x13\x42\x5b\x93\x34\xa3\xa4\
\xbf\x02\x0f\x11\xc9\xbf\xa7\xe6\x06\xae\x94\x74\xb3\xa4\xef\x56\
\x3d\x99\x10\xca\x16\x2b\x00\x21\x34\xa1\xe2\x48\xdf\xce\xc0\x71\
\xc4\x72\xbf\x87\xe1\xc0\xb1\xc0\xb1\x71\x74\x30\xb4\x8b\x28\x00\
\x42\x68\x32\xc5\x45\x3c\x17\x93\x5a\xf5\x06\x5f\x2f\x02\x5b\x99\
\xd9\x33\x55\x4f\x24\x84\xdc\xe2\x15\x40\x08\x4d\x44\xd2\xba\xa4\
\x16\xb8\x91\xfc\xf3\x58\x04\x78\x58\xd2\xee\x55\x4f\x24\x84\xdc\
\xa2\x00\x08\xa1\x09\x48\x9a\x58\xd2\x51\xc0\xcd\xc0\xac\x55\xcf\
\xa7\xc5\x4d\x01\x9c\x25\xe9\x32\x49\xd3\x56\x3d\x99\x10\x72\x89\
\x57\x00\x21\xd4\x9c\xa4\xb9\x80\x4b\x81\x55\xaa\x9e\x4b\x1b\x7a\
\x85\xf4\x4a\xe0\xc9\xaa\x27\x12\x82\xb7\x28\x00\x42\xa8\x31\x49\
\x6b\x02\x97\x53\xcf\x8d\x7e\x5f\x91\x12\xe4\x8b\xc5\xc7\x2b\xc0\
\x60\xe0\xf3\x31\x3e\x86\x90\x9e\xaa\xfb\x14\x1f\xd3\x76\xfa\xe7\
\xfc\xa4\x65\xf7\x45\x49\x6d\x8a\xeb\x78\x3f\xc1\x70\x60\x6f\x33\
\x3b\xb7\xea\x89\x84\xe0\x29\x0a\x80\x10\x6a\x4a\xd2\x56\xa4\x4b\
\x6d\x26\xab\x7a\x2e\x80\x01\xcf\x03\x77\x00\x77\x01\x2f\x00\xaf\
\x9b\xd9\x48\xcf\x41\x8a\xd5\x8e\xc5\x48\xab\x1d\x6b\x00\xcb\x53\
\x8f\xbf\x3f\xa4\xc6\x41\x87\x55\x3d\x89\x10\xbc\x44\x01\x10\x42\
\x0d\x49\xda\x0b\x38\x85\x6a\xf7\xe9\x0c\x02\x6e\x24\x25\xfd\x3b\
\xab\xb8\x66\xb7\x68\x6b\xbc\x12\xa9\x18\xe8\x0b\x2c\x55\xf6\x1c\
\xc6\x70\x36\xb0\xa7\x99\x8d\xaa\x78\x1e\x21\x34\x2c\x0a\x80\x10\
\x6a\x46\xd2\x91\xc0\xa1\x15\x0d\x3f\x04\xb8\x96\xb4\xf2\x70\x47\
\xdd\x12\x9d\xa4\xc5\x48\x37\x1b\x6e\x07\xcc\x53\xd1\x34\xae\x06\
\xfa\x99\xd9\xf0\x8a\xc6\x0f\xc1\x45\x14\x00\x21\xd4\x84\xa4\x89\
\x81\xb3\x80\x5f\x56\x30\xfc\x5d\xc0\x3f\x80\x6b\x9a\xa1\x3f\x7e\
\x71\xef\xc1\xea\xc0\x0e\xc0\x56\xa4\x3d\x06\x65\xba\x1b\xd8\xc4\
\xcc\x3e\x2b\x79\xdc\x10\xdc\x44\x01\x10\x42\x0d\x48\x9a\x84\xb4\
\xd9\x6f\xb3\x12\x87\x35\xd2\xd3\xfe\xd1\x66\xf6\x44\x89\xe3\xba\
\x2a\x1a\x23\xed\x47\xba\x08\x69\xaa\x12\x87\x7e\x1a\x58\xcb\xcc\
\x3e\x2e\x71\xcc\x10\xdc\x44\x01\x10\x42\x0d\x48\xfa\x3b\xb0\x53\
\x49\xc3\x8d\x00\x2e\x03\x8e\x31\xb3\x7f\x97\x34\x66\x76\x92\x66\
\x06\xf6\x05\xf6\x22\x9d\x30\x28\xc3\xc3\xa4\x22\xe0\xcb\x92\xc6\
\x0b\xc1\x4d\x14\x00\x21\x54\x4c\xd2\xb1\xc0\x81\x25\x0d\x77\x2d\
\xb0\x9f\x99\xbd\x5a\xd2\x78\xa5\x93\x34\x3d\xf0\x3b\xe0\x37\xc0\
\x24\x25\x0c\x79\x13\xe9\x75\xc0\xd7\x25\x8c\x15\x82\x9b\x28\x00\
\x42\xa8\x90\xa4\x7d\x81\x93\x4a\x18\xea\x7f\xa4\xb3\xec\x37\x95\
\x30\x56\x2d\x48\x5a\x9c\x74\x45\x72\x19\x0d\x94\x2e\x06\xb6\xb7\
\xf8\x85\x1a\x9a\x48\xb4\x02\x0e\xa1\x22\x92\xfa\x01\x27\x66\x1e\
\x66\x38\x70\x38\xb0\x78\x3b\x25\x7f\x00\x33\x7b\xde\xcc\x56\x05\
\x76\x04\x72\x1f\x61\xec\x47\x39\x85\x5c\x08\x6e\x62\x05\x20\x84\
\x0a\x48\xea\x0b\xfc\x13\x98\x34\xe3\x30\x8f\x03\xdb\x98\xd9\x2b\
\x19\xc7\x68\x0a\xc5\x6b\x81\xb3\x80\xad\x33\x0f\x75\x88\x99\x1d\
\x93\x79\x8c\x10\x5c\x44\x01\x10\x42\xc9\x24\x2d\x08\x3c\x09\x4c\
\x97\x71\x98\x53\x81\xfd\xcd\xec\xab\x8c\x63\x34\x1d\x49\xbb\x01\
\x27\x93\xef\xd8\xa0\x01\x1b\x99\xd9\xbf\x32\xc5\x0f\xc1\x4d\x14\
\x00\x21\x94\x48\xd2\x64\xc0\x83\xc0\xd2\x99\x86\xf8\x04\xf8\xb9\
\x99\x5d\x9b\x29\x7e\xd3\x93\xb4\x04\x70\x05\xe9\xee\x81\x1c\x3e\
\x02\x96\x34\xb3\xb7\x33\xc5\x0f\xc1\x45\xec\x01\x08\xa1\x5c\x7f\
\x26\x5f\xf2\x7f\x02\xf8\x51\x24\xff\xf1\x33\xb3\x67\x48\x5f\x83\
\xcb\x33\x0d\x31\x13\x70\x69\xd1\xd8\x29\x84\xda\x8a\x02\x20\x84\
\x92\x48\xda\x0c\xd8\x3b\x53\xf8\x5b\x80\xd5\xcc\xec\xf5\x4c\xf1\
\x5b\x4a\xd1\xed\x70\x1b\xe0\xf8\x4c\x43\xac\x4c\xda\x7c\x19\x42\
\x6d\xc5\x2b\x80\x10\x4a\x20\x69\x01\xd2\x7b\xff\xe9\x33\x84\xbf\
\x14\xd8\x31\xce\xa1\xf7\x4e\x71\x14\xf3\x44\x40\xce\xa1\x47\x01\
\x7d\xcd\xec\x76\xe7\xb8\x21\xb8\x88\x02\x20\x84\xcc\x24\x4d\x0a\
\x3c\x00\x2c\x9b\x21\xfc\xa9\xc0\x3e\x71\xfe\xbc\x31\x92\xb6\x25\
\xdd\x85\xe0\x7d\x2a\xe3\x3d\x60\x09\x33\x7b\xcf\x39\x6e\x08\x0d\
\x8b\x02\x20\x84\xcc\x24\x1d\x0c\x1c\x9d\x21\xf4\x1f\xcd\xec\x4f\
\x19\xe2\xf6\x88\xa4\x3e\xc0\x9c\xe3\xf9\x98\x15\x18\x4c\xba\x5e\
\x78\xcc\x8f\x81\xc0\x20\x33\x1b\x5c\xfe\xcc\xbb\x92\xb4\x2e\x70\
\x3d\xfe\x27\x04\xae\x30\xb3\xad\x9c\x63\x86\xd0\xb0\x28\x00\x42\
\xc8\x48\xd2\x7c\xc0\xbf\xf1\xbf\xa4\xe6\x44\x33\xdb\xcf\x39\x66\
\xb7\x48\x12\xb0\x3c\xb0\x69\xf1\xb1\x88\x43\xd8\x41\xc0\x00\xe0\
\x3a\xe0\xae\xaa\x8e\x2f\x4a\xfa\x29\x70\x15\xfe\xfb\xa3\xd6\x35\
\xb3\xdb\x9c\x63\x86\xd0\x90\x28\x00\x42\xc8\x48\xd2\xf5\xc0\xc6\
\xce\x61\xfb\x93\xde\xf9\x97\xf6\xc3\x5b\x1c\x5f\x5c\x83\x94\xf0\
\x37\x01\xe6\xc8\x38\xdc\x67\xa4\xfe\xfa\xd7\x01\x37\x96\x7d\xe5\
\x6e\xd1\x2b\xe0\x6c\xe7\xb0\x2f\x03\x3f\x30\xb3\xe1\xce\x71\x43\
\xe8\xb5\x28\x00\x42\xc8\x44\xd2\x46\xa4\xa7\x5a\x4f\x37\x92\x2e\
\x9e\x19\xe1\x1c\x77\xac\x24\xad\x44\x3a\xb9\xb0\x3e\xe5\xdd\xb0\
\xd7\xd9\xd7\xc0\x5d\xc0\xf9\xa4\xa5\xf4\x52\x7e\x61\x49\xfa\x23\
\x70\x98\x73\xd8\x3f\x98\xd9\x11\xce\x31\x43\xe8\xb5\x28\x00\x42\
\xc8\x40\xd2\x94\xa4\xa5\xff\xf9\x1d\xc3\x96\x76\xf5\xac\xa4\xef\
\x01\xc7\xe0\xbf\x7a\xd1\x88\x27\x81\x83\xca\x5a\x4a\x97\x74\x36\
\xb0\x9b\x63\xc8\xa1\xc0\xf7\xcd\xec\x35\xc7\x98\x21\xf4\x5a\xf4\
\x01\x08\x21\x8f\x43\xf1\x4d\xfe\x1f\x00\x9b\xe7\x4e\xfe\x92\xe6\
\x96\x74\x1e\xf0\x2c\xf5\x4a\xfe\x00\x4b\x01\xb7\x4a\xba\x4d\xd2\
\x52\x25\x8c\xb7\x37\xa9\xe8\xf2\x32\x25\x70\x9a\x63\xbc\x10\x1a\
\x12\x2b\x00\x21\x38\x93\x34\x37\xe9\xfa\xdd\xc9\x9c\x42\x1a\xb0\
\x9e\x99\xdd\xea\x14\xef\x5b\x8a\xcb\x72\x0e\x06\x7e\x4d\xbe\x3e\
\xf9\x9e\x8c\xd4\xc9\xef\x77\x66\xf6\xbf\x5c\x83\x48\x9a\x17\x78\
\x0a\x98\xd1\x31\x6c\xdf\x9c\x5f\xcb\x10\xba\x2b\x56\x00\x42\xf0\
\xb7\x1f\x7e\xc9\x1f\xe0\x98\xcc\xc9\x7f\x27\xe0\x55\xe0\x00\x9a\
\x23\xf9\x43\x6a\xda\xb3\x35\xf0\x1f\x49\xc7\xe5\x6a\xbb\x6b\x66\
\x6f\x02\x3b\x3b\x87\xfd\x9d\x73\xbc\x10\x7a\x25\x56\x00\x42\x70\
\x24\x69\x16\xe0\x75\xfc\x8e\xfd\xdd\x0b\xac\x69\x66\x23\x9d\xe2\
\x8d\x56\x24\xcd\x3f\x03\xfb\x78\xc7\xae\xc0\x6d\xc0\xcf\xcc\xec\
\x93\x1c\xc1\x25\x9d\x08\xfc\x9f\x63\xc8\xd5\xcc\xec\x5e\xc7\x78\
\x21\xf4\x58\xac\x00\x84\xe0\x6b\x5f\xfc\x92\xff\xa7\xc0\xb6\x99\
\x92\xff\x74\xc0\xbf\x68\x8d\xe4\x0f\xb0\x0e\xf0\x88\xa4\x5c\x37\
\xfc\x1d\x44\x7a\x15\xe0\x25\x56\x01\x42\xe5\x62\x05\x20\x04\x27\
\x45\x52\x7d\x13\xbf\xe3\x72\xbf\x36\x33\xf7\x4d\x63\x92\x16\x02\
\xfe\x89\x4f\x03\x9f\xba\xf9\x04\xd8\x2a\xc7\x2b\x13\x49\xcb\x01\
\x0f\xe1\xf7\xe0\xb4\xbc\x99\x3d\xea\x14\x2b\x84\x1e\x8b\x15\x80\
\x10\xfc\xec\x85\x5f\xf2\x7f\x1a\x38\xd3\x29\xd6\x68\x92\xd6\x06\
\x1e\xa1\x35\x93\x3f\xa4\xcb\x96\x6e\x94\xf4\x1b\xef\xc0\x45\xb2\
\x3e\xd7\x31\xe4\xa1\x8e\xb1\x42\xe8\xb1\x58\x01\x08\xc1\x81\xa4\
\xa9\x80\x37\x80\x99\x1d\xc2\x19\xb0\xa2\x99\x79\x1e\x41\x43\xd2\
\xae\xa4\xa2\xa2\x5d\xee\xa9\x3f\x07\xd8\xdd\xb3\x79\x90\xa4\x19\
\x80\x17\x81\x59\x1c\xc2\x19\xb0\xa4\x99\x3d\xeb\x10\x2b\x84\x1e\
\x8b\x15\x80\x10\x7c\x6c\x89\x4f\xf2\x07\x38\x2f\x43\xf2\xff\x09\
\x70\x16\xed\x93\xfc\x01\x76\x05\xfe\xe8\x19\xb0\xb8\xb4\x68\x7f\
\xa7\x70\x02\xf6\x70\x8a\x15\x42\x8f\xc5\x0a\x40\x08\x0e\x24\xdd\
\x01\xac\xe9\x10\xea\x73\x60\x01\x33\xfb\xc8\x21\x16\x30\xba\xab\
\xdf\x43\x54\xd3\xca\xb7\x6a\x06\x6c\x69\x66\x57\x7b\x06\x95\xf4\
\x08\xb0\x9c\x43\xa8\x8f\x81\x39\xaa\xba\xfc\x28\xb4\xb7\x58\x01\
\x08\xa1\x41\x92\xe6\x21\x5d\x94\xe3\xe1\x6c\xe7\xe4\x3f\x13\x69\
\xc3\x5f\x3b\x26\x7f\x48\x4f\xd9\x17\x48\x5a\xc2\x39\xae\xd7\xf5\
\xce\x33\x02\x1b\x38\xc5\x0a\xa1\x47\xa2\x00\x08\xa1\x71\xdb\x91\
\x12\x4d\xa3\x86\x01\x27\x39\xc4\x01\x40\xd2\x24\xa4\xab\x6d\x17\
\xf4\x8a\xd9\xa4\xa6\x06\x06\x48\x9a\xd5\x31\xe6\x00\xe0\x79\xa7\
\x58\xdb\x3b\xc5\x09\xa1\x47\xe2\x15\x40\x08\x0d\x92\xf4\x1f\x60\
\x51\x87\x50\x67\x98\xd9\x5e\x0e\x71\x00\x90\x74\x16\xb0\xbb\x57\
\xbc\x6e\x18\x06\xdc\x4f\x6a\x84\x34\xa8\xf8\x18\x08\xbc\x0f\xcc\
\x00\xcc\x05\xcc\x59\xfc\x73\x6e\x60\x65\xd2\xae\xfd\xb2\xdc\x4f\
\xba\x4c\xc9\x65\xb9\x5d\x52\x3f\xe0\x22\x87\x50\x5f\x01\xb3\x17\
\xfb\x0b\x42\x28\x4d\x14\x00\x21\x34\x40\xd2\xb2\x80\xc7\x59\xee\
\xaf\x81\x85\xcc\xec\x0d\x87\x58\x48\xda\x13\x38\xdd\x23\xd6\x04\
\x7c\x4c\x6a\x28\x74\x1d\x70\x8b\x99\x0d\xe9\xee\x7f\x58\xac\x50\
\xac\x06\x6c\x0a\x6c\x02\xcc\x93\x65\x86\x5d\xfd\xcd\xcc\x7e\xe9\
\x11\xa8\xe8\xa4\xf8\x12\x3e\x2b\x2c\xbb\x9b\xd9\x5f\x1d\xe2\x84\
\xd0\x6d\xf1\x0a\x20\x84\xc6\xec\xe0\x14\xe7\x32\xc7\xe4\x3f\x2f\
\xa9\xc5\x6f\x4e\x1d\xb7\x05\xce\x66\x66\x3b\x98\xd9\x35\x3d\x49\
\xfe\x00\x66\x36\xc2\xcc\xee\x30\xb3\xbd\xcd\x6c\x5e\xe0\xc7\x40\
\xee\x4b\x72\x7e\x21\x69\x5d\x8f\x40\x45\x87\xc6\x13\x3d\x62\x11\
\xaf\x01\x42\x05\x62\x05\x20\x84\x06\x48\x7a\x13\x9f\x27\x57\xb7\
\xde\xf0\x92\x2e\xc0\xaf\x30\x19\xd3\x1b\xc0\xef\x81\x8b\xcd\x6c\
\x54\x8e\x01\x24\xad\x05\x1c\x07\x2c\x9d\x23\x3e\xa9\xc9\xd2\x52\
\x1e\xfd\x01\x8a\xee\x8f\xef\xd2\xf8\x25\x4a\x06\xcc\x6a\x66\x1f\
\x36\x3a\xa7\x10\xba\x2b\x56\x00\x42\xe8\x25\x49\xdf\xc5\x27\xf9\
\xbf\x06\xdc\xe7\x10\x07\x49\x3f\x24\x6d\x4a\xf4\xf6\x15\xe9\xfc\
\xfb\x22\x66\xd6\x3f\x57\xf2\x07\x30\xb3\x3b\x80\x65\x81\x6d\x80\
\x1c\x09\x71\x49\xa0\x9f\x47\x20\x33\xfb\x94\xf4\xfa\xa3\x51\xc2\
\xef\x24\x49\x08\xdd\x12\x05\x40\x08\xbd\xe7\xf5\x0b\xfb\x42\xc7\
\x6e\x75\xc7\xe1\xff\x73\xfd\x3e\xe9\x46\xc2\x3f\x9b\xd9\x70\xe7\
\xd8\x63\x65\xc9\x65\xa4\xb3\xf6\x5e\xbb\xed\x3b\x3b\x52\xd2\xe4\
\x4e\xb1\x2e\x70\x8a\xb3\x96\x53\x9c\x10\xba\x25\x0a\x80\x10\x7a\
\xcf\xa3\x00\x30\xe0\x42\x87\x38\x48\x5a\x13\x58\xcf\x23\x56\x27\
\xcf\x00\xcb\x99\xd9\x03\xce\x71\xbb\xc5\xcc\x5e\x03\x56\x24\xf5\
\x32\xf0\x34\x1f\xb0\xa7\x53\xac\xdb\x80\x77\x1c\xe2\x78\x34\x92\
\x0a\xa1\xdb\xa2\x00\x08\xa1\xf7\x3c\x0a\x80\xfb\xcd\xec\xd5\x46\
\x83\x48\x12\x70\xbc\xc3\x7c\x3a\xbb\x01\x58\xc9\x6b\x73\x62\x6f\
\x99\xd9\xe7\xa4\x93\x02\x5e\x1b\xee\x3a\x1c\x2a\xa9\xe1\x63\x88\
\xc5\x66\x40\x8f\xe3\x80\x0b\x15\x4d\xa5\x42\x28\x45\x14\x00\x21\
\xf4\x82\xa4\xc5\x80\xd9\x1d\x42\x5d\xeb\x10\x03\x60\x2b\x7c\x37\
\xcd\x3d\x01\xfc\xac\xa7\x3b\xfb\x73\x31\xb3\x51\x66\xb6\x1f\x70\
\x89\x63\xd8\x19\x81\x83\x9c\x62\x79\x7d\x1d\x63\x15\x20\x94\x26\
\x0a\x80\x10\x7a\xc7\xeb\xfd\xff\x9d\x4e\x71\x0e\x74\x8a\x03\x69\
\x57\xfb\xa6\x66\x36\xd4\x31\xa6\x97\x5d\x80\xc7\x1c\xe3\xed\x5d\
\xdc\xe4\xd8\xa8\xc7\x48\xf7\x38\x34\x2a\xf6\x01\x84\xd2\x44\x01\
\x10\x42\xef\xac\xec\x10\xe3\x23\xd2\x79\xfa\x86\x48\x9a\x9f\xb4\
\xb3\xdd\xc3\x70\x60\x33\x33\x7b\xdb\x29\x9e\x2b\x33\x1b\x06\xfc\
\x14\x9f\x77\xee\x00\x53\x01\x7d\x1b\x0d\x62\x66\x23\xf0\x39\xc9\
\xb1\x92\x43\x8c\x10\xba\x25\x0a\x80\x10\x7a\x67\x31\x87\x18\xf7\
\x38\xed\xfe\xdf\xd8\x21\x46\x87\x7d\xcc\xec\x21\xc7\x78\xee\xcc\
\x6c\x20\xb0\x05\x69\x03\xa5\x87\x4d\x9d\xe2\x78\xac\xe6\xcc\x2f\
\xa9\xd1\x9e\x02\x21\x74\x4b\x14\x00\x21\xf4\x50\xb1\xe1\x6e\x61\
\x87\x50\x5e\xcb\xff\x9b\x38\xc5\x79\x16\x38\xc7\x29\x56\x56\x66\
\xf6\x20\x7e\xfb\x01\x36\x2c\xda\xfa\x36\xea\x2e\x87\x18\x13\x01\
\xdf\x75\x88\x13\xc2\x04\x45\x01\x10\x42\xcf\xcd\x4b\x5a\x3a\x6e\
\xd4\xdd\x8d\x06\x90\x34\x03\xb0\x6a\xe3\x53\x01\xe0\xc0\x9c\x0d\
\x7e\x32\x38\x94\xf4\xca\xa2\x51\x33\xe2\xf3\x39\x7c\x1a\xf0\xb8\
\xd0\x67\x11\x87\x18\x21\x4c\x50\x14\x00\x21\xf4\x9c\xc7\x2f\xe8\
\xe1\xc0\x7f\x1d\xe2\x6c\x00\x4c\xe2\x10\xe7\x0e\x33\xbb\xd9\x21\
\x4e\x69\x8a\xe3\x89\x5e\x17\x1e\x35\xfc\x1a\xa0\x28\x9e\x3c\x9a\
\x16\x45\x01\x10\x4a\x11\x05\x40\x08\x3d\xe7\x71\xf5\xef\x2b\xc5\
\xf9\xf1\x46\x79\x2d\xff\xef\xef\x14\xa7\x6c\x47\x01\x9f\x38\xc4\
\xf1\xfa\x3c\xbe\xe8\x10\x23\x0a\x80\x50\x8a\x28\x00\x42\xe8\x39\
\x8f\x02\xa0\xe1\x44\x21\x69\x32\x7c\x3a\xff\x3d\x61\x66\x4f\x39\
\xc4\x29\x9d\x99\x0d\x06\xae\x72\x08\x35\x9f\xa4\x1f\x39\xc4\x89\
\x02\x20\x34\x8d\x28\x00\x42\xe8\x39\x8f\x02\xc0\x63\xf9\xff\x47\
\x40\x1f\x87\x38\x03\x1c\x62\x54\xc9\xe3\x32\x1e\xf0\xd9\x07\xe0\
\x51\x00\x78\x6c\x30\x0d\x61\x82\xa2\x00\x08\xa1\xe7\x3c\x3a\x00\
\x7a\x24\x8a\xb9\x1c\x62\x40\xf3\x17\x00\x77\x00\x5f\x38\xc4\xf1\
\xf8\x7c\x7a\x7c\x5d\x67\x70\xbc\xa8\x28\x84\x71\x8a\x02\x20\x84\
\x9e\xf3\x78\xea\x7e\xc9\x21\xc6\x9c\x0e\x31\xde\x34\xb3\xa7\x1d\
\xe2\x54\xa6\x68\x0e\x74\x8b\x43\x28\x8f\xcf\xe7\xab\x80\xc7\xde\
\x0e\x8f\xef\xb1\x10\xc6\x2b\x0a\x80\x10\x7a\x6e\x1a\x87\x18\x1f\
\x39\xc4\xf0\x48\x58\x37\x3a\xc4\xa8\x03\x8f\xdb\x02\x1b\xfe\x7c\
\x16\x1d\x01\x3f\x75\x98\x4b\x14\x00\x21\xbb\x28\x00\x42\xe8\x39\
\x8f\x02\xc0\xa3\x6f\xfc\x1c\x0e\x31\x3c\x56\x22\xea\xe0\x15\x87\
\x18\x1e\x05\x15\xf8\x7c\x6d\xa7\x75\x88\x11\xc2\x78\x45\x01\x10\
\x42\x0f\x14\xef\x66\x3d\xce\xdd\x7b\x24\x09\x8f\x84\x35\xc8\x21\
\x46\x1d\x78\xdc\x0d\xe0\x51\x50\x81\xcf\xd7\x36\x56\x00\x42\x76\
\x51\x00\x84\xd0\x33\x1e\x4f\xff\xa3\x9c\xae\xd9\xf5\x28\x00\x06\
\x3a\xc4\xa8\x03\x8f\x02\x60\x5a\x49\x53\x3b\xc4\x89\x02\x20\x34\
\x85\x28\x00\x42\xe8\x19\x8f\x02\xc0\x63\xc7\x3a\xc4\x0a\xc0\x68\
\xc5\xd5\xc5\x1e\xef\xde\x3d\x3e\xa7\x51\x00\x84\xa6\x10\x05\x40\
\x08\x3d\x53\x8b\xf7\xff\xc5\xab\x88\x19\x1d\xe6\xe2\x75\xad\x6e\
\x1d\xbc\xeb\x10\xc3\xe3\x35\x40\x14\x00\xa1\x29\x44\x01\x10\x42\
\xcf\x8c\x70\x88\x31\xa9\x43\x8c\xaf\xf1\x99\xcb\x94\x0e\x31\xea\
\xc2\xe3\xef\x32\xcc\x21\x86\xc7\xd7\xf7\x2b\x87\x18\x21\x8c\x57\
\x14\x00\x21\xf4\x8c\xc7\xf2\x7d\xc3\x4f\x77\xc5\xc5\x33\xef\x39\
\xcc\xc5\x6b\xe7\x7b\x1d\x78\x34\x68\xf2\x78\x25\xe2\xf1\xf4\xfe\
\x99\x43\x8c\x10\xc6\x2b\x0a\x80\x10\x7a\xc6\xa3\x00\x98\xd2\xe9\
\xfe\x79\x8f\x0d\x7c\x2d\x51\x00\x48\x9a\x11\x98\xac\xc1\x30\xa3\
\xf0\x79\x8d\xe0\x51\x00\x78\xec\x67\x08\x61\xbc\xa2\x00\x08\xa1\
\x67\x3c\xee\x9f\x07\x9f\x24\xe1\xf1\xb4\xea\xd5\x4e\xb8\x6a\x1e\
\xef\xee\xdf\x2f\x1a\xf9\x34\x2a\x56\x00\x42\x53\x88\x02\x20\x84\
\x6e\x92\x34\x09\xd0\xdf\x29\x5c\x5d\x0a\x80\x96\x58\x01\xc0\xa7\
\x00\xf0\x3a\x11\x11\x2b\x00\xa1\x29\x44\x01\x10\x42\x37\x14\xc9\
\xff\x52\x60\x0b\xa7\x90\x75\x29\x00\x96\x73\x88\x51\x07\x1e\x7f\
\x8f\x3a\x15\x00\xb1\x02\x10\xb2\x8b\x02\x20\x84\x09\xc8\x90\xfc\
\x01\xe6\x71\x88\xe1\x91\xb0\xd6\x91\x34\x95\x43\x9c\xaa\x6d\xea\
\x10\xa3\xe1\xcf\xa7\xa4\xe9\x88\x15\x80\xd0\x24\xa2\x00\x08\x61\
\x3c\x32\x25\x7f\x80\x45\x1c\x62\x78\x14\x00\x53\x02\xeb\x38\xc4\
\xa9\x8c\xa4\xb9\x81\x65\x1c\x42\x79\x7c\x3e\x3d\xbe\xae\xc3\xcd\
\x2c\x8e\x01\x86\xec\xa2\x00\x08\x61\x1c\x32\x26\x7f\xf0\x49\x14\
\xff\x73\x88\x01\xb0\xb1\x53\x9c\xaa\x6c\x02\xc8\x21\x8e\xc7\xe7\
\xd3\xe3\xeb\x3a\x99\xa4\x1c\xdf\x73\x21\x74\x11\x05\x40\x08\x63\
\x91\x39\xf9\x83\x43\xa2\x30\xb3\x57\x80\x17\x1d\xe6\xb2\x61\xf1\
\xf7\x6d\x56\x9b\x39\xc4\x18\x09\xdc\xe4\x10\xc7\xa3\x00\x10\x70\
\x91\xa4\x95\x1d\x62\x85\x30\x4e\x51\x00\x84\x30\x86\x12\x92\x3f\
\xf8\x24\x0a\x80\xeb\x1c\x62\xcc\x0a\xfc\xc2\x21\x4e\xe9\x24\xad\
\x00\xac\xe9\x10\xea\x7e\x33\xfb\xc8\x21\x8e\xd7\xd7\x75\x72\x60\
\x80\xa4\x45\x9d\xe2\x85\xf0\x2d\x51\x00\x84\xd0\x49\x49\xc9\x1f\
\x60\x2e\xa7\x9b\xe7\x3c\x0a\x00\x80\x3f\x3a\xcd\xa7\x6c\xc7\x3b\
\xc5\xf1\xfa\x3c\x7a\x15\x00\x00\x33\x00\x37\x4b\xf2\xe8\x70\x18\
\xc2\xb7\x44\x01\x10\x42\xa1\xc4\xe4\x0f\x69\x99\x77\x05\x87\x38\
\x8f\xe0\x73\xa1\xcf\xec\xc0\x6f\x1d\xe2\x94\x46\xd2\xc6\xc0\x2a\
\x4e\xe1\x1a\x2e\x00\x24\x4d\x0b\x7c\xcf\x61\x2e\x9d\xcd\x07\xdc\
\x28\xc9\xe3\x12\xaa\x10\xba\x88\x02\x20\x04\x4a\x4f\xfe\x1d\xd6\
\x68\x34\x80\x99\x19\x30\xc0\x61\x2e\x00\xfb\x49\x9a\xd5\x29\x56\
\x56\x45\x2b\xe5\x63\x9c\xc2\x3d\x63\x66\xaf\x3b\xc4\x59\x15\xf0\
\x68\xf1\x3c\xa6\x1f\x01\x57\x35\xf9\x3e\x8d\x50\x43\x51\x00\x84\
\xb6\x57\x51\xf2\x07\x9f\x77\xd7\xe0\xb7\x7c\xdd\x07\x38\x5b\x92\
\xc7\x8e\xfa\xdc\x7e\x87\xdf\xd3\xb6\xd7\xe7\xcf\xeb\xeb\x39\x36\
\x7d\x81\x73\x32\xc6\x0f\x6d\x28\x0a\x80\xd0\xd6\x2a\x4c\xfe\x00\
\xcb\x3a\x2d\xed\xde\x89\x5f\xe7\xb8\x9f\x02\x87\x3b\xc5\xca\xa2\
\x38\x22\xf7\x47\xc7\x90\xcd\x50\x00\x00\xec\x2c\xe9\xb0\xcc\x63\
\x84\x36\x12\x05\x40\x68\x5b\x15\x27\x7f\x80\x49\x48\xcb\xc6\x0d\
\x29\x9a\xc6\x5c\xdd\xf8\x74\x46\xfb\xbd\xa4\xad\x1c\xe3\xb9\x91\
\xf4\x23\xe0\x02\x7c\xce\xfd\x03\xfc\xdb\xcc\x9e\x6e\x34\x88\xa4\
\x99\x80\x1f\x3a\xcc\x67\x42\xfe\x28\x69\x97\x12\xc6\x09\x6d\x20\
\x0a\x80\xd0\x96\x6a\x90\xfc\x3b\xac\xed\x14\xe7\x70\xfc\x6e\x2a\
\x04\xf8\xbb\x24\x8f\xee\x7a\x6e\x24\xcd\x06\x5c\x0f\x78\xb6\x2e\
\x3e\xc4\x29\xce\x5a\xf8\x15\x25\x13\x72\xb6\xa4\xf5\x4b\x1a\x2b\
\xb4\xb0\x28\x00\x42\xdb\xa9\x51\xf2\x07\xf8\x99\xa4\x86\x7f\x0e\
\xcd\xec\x0d\xe0\x74\x87\xf9\x74\x98\x12\xb8\x5d\x52\x5f\xc7\x98\
\xbd\x26\xe9\x7b\xc0\x83\xf8\xdc\xa1\xd0\xe1\x01\x33\xbb\xde\x29\
\xd6\xb6\x4e\x71\xba\x63\x12\xe0\x0a\x49\x4b\x97\x38\x66\x68\x41\
\x4a\x9b\x88\x43\x68\x0f\x35\x4b\xfe\x1d\xd6\x31\xb3\xdb\x1b\x0d\
\x22\x69\x46\x52\x3b\xdb\xe9\x1b\x9f\xd2\x68\x23\x81\xfd\xcc\xec\
\x64\xc7\x98\x3d\x22\xe9\x27\xc0\x25\xc0\xb4\xce\xa1\x57\x32\xb3\
\x07\x1b\x0d\x22\x69\x66\xd2\x3d\x02\x93\x36\x3e\xa5\x1e\x79\x0f\
\x58\xc1\xe9\x04\x43\x68\x43\xb1\x02\x10\xda\x46\x4d\x93\x3f\xc0\
\xf6\x1e\x41\xcc\xec\x63\xfc\x8e\xc6\x75\x98\x18\xf8\x8b\xa4\xf3\
\x24\x4d\xe6\x1c\x7b\x82\x24\xed\x4f\x3a\xe6\xe8\x9d\xfc\xaf\xf5\
\x48\xfe\x85\x6d\x28\x3f\xf9\x03\xcc\x46\x6a\x14\x34\x63\x05\x63\
\x87\x16\x10\x2b\x00\xa1\x2d\xd4\x38\xf9\x03\x7c\x01\xcc\x66\x66\
\x5f\x36\x1a\x48\xd2\x14\xc0\xcb\xc0\xdc\x0d\xcf\xea\xdb\xfe\x03\
\x1c\xec\xb8\x6c\x3e\x4e\x92\x96\x03\x8e\x03\x56\xcf\x10\x7e\x04\
\xb0\xb8\x99\x79\xdc\xa3\x80\xa4\xc7\x81\x2a\x97\xe3\x1f\x00\xd6\
\x36\xb3\x61\x15\xce\x21\x34\xa1\x58\x01\x08\x2d\xaf\xe6\xc9\x1f\
\x60\x1a\xd2\xf1\xbb\x86\x15\x49\xe0\xf7\x1e\xb1\xc6\x62\x31\xe0\
\x3a\x49\x0f\x48\x5a\x29\xc7\x00\x92\x16\x96\x74\x25\xa9\xc3\xe1\
\xea\x39\xc6\x00\xce\x73\x4c\xfe\xdf\xa3\xda\xe4\x0f\xb0\x12\xe9\
\xf2\xa0\xf8\x7d\x1e\x7a\x24\x56\x00\x42\x4b\x6b\x82\xe4\xdf\xe1\
\x41\x33\x73\x49\xaa\x45\x22\x78\x9c\xd4\x41\x2e\xa7\x1b\x81\x8b\
\x81\x7f\x99\xd9\xa7\xbd\x0d\x22\x69\x72\xd2\x69\x88\x2d\x81\x7e\
\xa4\x4d\x6e\xb9\x7c\x0a\x2c\x6a\x66\xef\x7a\x04\x93\x74\x06\xf0\
\x2b\x8f\x58\x0e\x4e\x31\xb3\x7d\xaa\x9e\x44\x68\x1e\x51\x00\x84\
\x96\x55\x52\xf2\x3f\x01\xd8\x13\x9f\xa3\x69\x6b\x98\xd9\xdd\x0e\
\x71\x90\xb4\x20\xf0\x28\x30\x93\x47\xbc\x09\xf8\x1a\xb8\x9b\xd4\
\x50\xe7\x16\xe0\x4d\x33\xfb\x7a\x3c\x73\x9b\x08\x98\x83\xf4\x84\
\xbf\x29\xb0\x1e\x69\x15\x24\xb7\x51\xc0\x86\x66\xe6\x71\xed\x2f\
\xc5\x25\x3d\xaf\x01\x53\x78\xc4\x73\xf2\x5b\x33\x3b\xa9\xea\x49\
\x84\xe6\x10\x05\x40\x68\x49\x25\x25\xff\xc3\xcd\xec\x30\x49\xe7\
\x03\x3b\x3b\xc4\xbb\xcd\xcc\xd6\x75\x88\x03\x80\xa4\xd5\x81\xdb\
\xc8\xfb\x44\x3d\x36\x06\x7c\x40\xda\x19\x3f\x10\x78\x9f\x74\xb3\
\xdd\x5c\xc0\x9c\xa4\x8b\x87\x72\xf4\xcc\x9f\x90\xfd\xcd\xec\xcf\
\x5e\xc1\x24\x1d\x0f\xec\xef\x15\xcf\x89\x01\x5b\x9b\xd9\x15\x55\
\x4f\x24\xd4\x5f\x14\x00\xa1\xe5\x94\x99\xfc\x8b\xf1\x96\x07\x1e\
\x76\x8a\xbb\x9c\x99\x3d\xe6\x14\x0b\x49\x7b\x00\x67\x7a\xc5\x6b\
\x62\x17\x9a\xd9\x8e\x5e\xc1\x8a\x9d\xf7\x6f\x50\xce\xca\x45\x4f\
\x0d\x07\xd6\x35\xb3\x7b\xab\x9e\x48\xa8\xb7\xd8\x34\x12\x5a\x4a\
\xd9\xc9\x1f\xc0\xcc\x1e\x01\x9e\x75\x8a\x7d\xa8\x53\x1c\x00\xcc\
\xec\x2c\xe0\x6c\xcf\x98\x4d\xe8\x61\x60\x57\xe7\x98\xbf\xa6\x9e\
\xc9\x1f\x60\x72\xd2\x66\x4d\xef\xab\x89\x43\x8b\x89\x15\x80\xd0\
\x32\xaa\x48\xfe\x9d\xc6\xde\x13\x9f\x4e\x7c\x46\x5a\x05\x78\xdc\
\x21\x16\x00\x92\x26\x05\x6e\x25\xdf\xae\xfa\x3a\x1b\x08\x2c\xe3\
\xb5\xe9\x0f\x46\x37\xfe\x79\x89\xf4\x5a\xa3\x51\xf7\x93\xbe\xe6\
\xab\x38\xc4\x1a\xd3\x9b\xa4\x46\x41\xef\x64\x88\x1d\x5a\x40\xac\
\x00\x84\x96\x50\x65\xf2\x2f\x5c\x04\x34\x7c\x8e\x9f\xd4\x4f\xfe\
\x6c\xcf\x23\x5d\xc5\x86\xbc\x2d\x49\x1b\xd6\xda\xc9\x50\x60\x13\
\xcf\xe4\x5f\x38\x1e\x9f\xe4\x0f\xa9\xd7\xc1\x26\xa4\x1e\x0b\xde\
\xe6\x05\x6e\x94\xd4\x27\x43\xec\xd0\x02\xa2\x00\x08\x4d\xaf\x06\
\xc9\x9f\xe2\x18\xdc\xe5\x4e\x63\x2d\x0d\xec\xe1\x14\x0b\x00\x33\
\xfb\x90\x74\xf3\xe0\x93\x9e\x71\x6b\xec\x7d\x52\x73\x9c\x27\x3c\
\x83\x4a\x5a\x19\xd8\xc9\x29\xdc\x7f\x48\x47\x28\x07\x03\xeb\x03\
\x39\x9e\xd4\x97\x04\xae\x2a\x56\x81\x42\xe8\x22\x0a\x80\xd0\xd4\
\xea\x90\xfc\x3b\xf9\xab\xe3\x98\x47\x15\xb7\xdf\xb9\x31\xb3\xb7\
\x81\x95\x81\x56\xdf\x21\xfe\x34\xb0\xac\x63\xab\x5f\x60\xf4\xf7\
\xda\x59\xf8\xdd\xfa\x77\x92\x15\xef\x60\x8b\xcb\x9c\x7e\x02\x7c\
\xee\x14\xbb\xb3\x75\x81\x73\x33\xc4\x0d\x4d\x2e\x0a\x80\xd0\xb4\
\x6a\x96\xfc\x3b\x36\x03\x7a\xbd\xbb\x9f\x0e\x38\xd1\x29\xd6\x68\
\x66\x36\xd4\xcc\xb6\x22\x75\x0b\x6c\xc5\x0d\x40\xd7\x00\x2b\x9b\
\xd9\x9b\x19\x62\xef\x03\x2c\xee\x14\xeb\x3d\xa0\x7f\xe7\x7f\x61\
\x66\x4f\x91\xbe\x97\x47\x38\x8d\xd1\xd9\x8e\x92\x8e\xc8\x10\x37\
\x34\xb1\x28\x00\x42\x53\xaa\x5b\xf2\xef\xe4\x20\xc7\xf1\xfb\x49\
\xda\xc8\x31\xde\x68\x66\x76\x24\xb0\x19\xe9\x1e\x82\x56\x71\x04\
\xb0\x85\x99\x0d\xf1\x0e\x2c\x69\x11\xe0\x30\xc7\x90\xa7\x9b\xd9\
\xf0\x31\xff\xa5\x99\xdd\x0a\xfc\xd2\x71\x9c\xce\x7e\x27\x29\x57\
\xec\xd0\x84\xe2\x14\x40\x68\x3a\x35\x4e\xfe\x00\x48\xba\x89\xd4\
\xdd\xce\xc3\xc7\xc0\x92\x66\xf6\x96\x53\xbc\x2e\x24\xfd\x80\x74\
\xdb\xde\xfc\x39\xe2\x97\x64\x28\xb0\x53\xae\xe6\x37\x92\xa6\x24\
\xdd\x4d\xf0\x03\xa7\x90\x43\x80\xf9\xcc\xec\xa3\xf1\x8c\xf9\x7b\
\xe0\x4f\x4e\xe3\x75\x36\x12\xd8\xd8\xcc\x6e\xcc\x10\x3b\x34\x99\
\x58\x01\x08\x4d\xa5\xee\xc9\xbf\x70\x20\xa9\xed\xac\x87\x19\x81\
\xcb\x8b\xbf\xb7\x3b\x33\x7b\x8e\xb4\xe9\xf0\x14\xe0\xab\x1c\x63\
\x64\x76\x13\xe9\x7d\x7f\xce\x7d\x0d\xa7\xe0\x97\xfc\x01\x8e\x1b\
\x5f\xf2\x07\x30\xb3\x23\x80\xbf\x39\x8e\xd9\x61\x62\xe0\x0a\x49\
\xcb\x64\x88\x1d\x9a\x4c\xac\x00\x84\xa6\xd1\x24\xc9\x1f\x00\x49\
\x7f\xc7\x6f\xb7\x38\xc0\x09\x66\x76\x80\x63\xbc\x6f\x91\xb4\x00\
\x70\x14\xb0\x35\x7e\x1b\xdd\x72\x79\x1c\x38\xc0\xcc\xee\xca\x39\
\x88\xa4\x6d\x49\x17\x1e\x79\x79\x83\x74\x19\xd1\x04\xaf\xee\x2d\
\xbe\xdf\xaf\x07\x36\x70\x1c\xbf\xc3\x7b\xc0\x8a\x66\xf6\x6a\x86\
\xd8\xa1\x49\x44\x01\x10\x9a\x42\x33\x25\x7f\x00\x49\xf3\x90\x9a\
\xc5\x78\x5d\x14\x63\xa4\xa5\xdb\x1b\x9c\xe2\x8d\x93\xa4\xa5\x48\
\x67\xdd\xd7\xca\x3d\x56\x2f\xfc\x8f\xd4\x2d\xf1\x0a\xcb\xfc\xcb\
\xab\x78\xef\xff\x38\xbe\x1d\xff\xb6\x34\xb3\xab\x7a\x30\x87\xa9\
\x49\x17\x2d\xe5\x78\x62\x7f\x89\x54\x04\x8c\x77\x35\x22\xb4\xae\
\x78\x05\x10\x6a\xaf\xd9\x92\x3f\x40\xf1\xce\xfe\x14\xaf\x78\xa4\
\x27\xf2\x4b\xcb\x58\xba\x35\xb3\x27\xcd\x6c\x6d\xd2\x3e\x86\x67\
\x72\x8f\xd7\x4d\x1f\x90\xda\xef\x2e\x66\x66\x97\x97\x90\xfc\x67\
\x27\xbd\x5e\xf0\x4c\xfe\x77\xf7\x24\xf9\x03\x14\x1b\x1a\x37\x24\
\x4f\x13\xa7\x85\x81\x01\xc5\x1e\x87\xd0\x86\x62\x05\x20\xd4\x5a\
\x33\x26\xff\x0e\x92\xa6\x23\x3d\xb1\x7a\x5e\xc9\xfb\x01\xe9\x98\
\xdb\x4b\x8e\x31\xc7\xa9\xe8\x48\xb8\x2a\xe9\xda\xde\x4d\x28\x77\
\xb3\xe0\xa7\xa4\x24\x7c\x3d\x70\x83\x99\x95\x72\x62\x41\xd2\xb4\
\xc0\x3d\xa4\x26\x3a\x5e\x46\x02\x4b\x99\x59\xaf\xee\x8c\x90\xb4\
\x30\xf0\x20\x79\xae\x77\xbe\x96\x74\x7a\xc2\x6b\xdf\x4a\x68\x12\
\x51\x00\x84\xda\x6a\xe6\xe4\xdf\x41\xd2\x2f\xf0\x6f\xc2\xf2\x06\
\x69\xe9\x76\x90\x73\xdc\x09\x92\xb4\x24\xa9\x18\xd8\x14\x58\x22\
\xc3\x10\x6f\x92\x4e\x25\x5c\x0f\xdc\x53\xb4\x31\x2e\x8d\xa4\xc9\
\x49\x45\xc7\x1a\xce\xa1\xcf\x32\xb3\x5f\x35\x12\x40\xd2\x8a\xc0\
\x1d\xf8\xbd\x56\xea\xec\x74\x33\xdb\x3b\x43\xdc\x50\x63\x51\x00\
\x84\x5a\x6a\x85\xe4\xdf\x41\xd2\xf5\xc0\xc6\xce\x61\x9f\x07\x56\
\x31\xb3\x4f\x9c\xe3\x76\x9b\xa4\xf9\x49\xab\x02\xcb\x01\x73\x76\
\xfa\xe8\xce\xb2\xf9\x30\x52\xeb\xdb\x81\xc0\x20\xe0\x05\x60\x80\
\x99\x3d\x9d\x63\xae\xdd\x51\xac\x76\x5c\x46\xba\x37\xc1\xd3\x5b\
\xc0\x0f\x3d\xbe\x56\x92\x7e\x0a\x5c\x45\x9e\xd7\xb7\x07\x98\xd9\
\x09\x19\xe2\x86\x9a\x8a\x02\x20\xd4\x4e\x2b\x25\x7f\x00\x49\xb3\
\x02\xcf\x01\xb3\x3a\x87\x7e\x02\x58\xdf\xcc\x3e\x70\x8e\xdb\x90\
\xe2\xf2\x99\xce\x05\xc1\xac\xc0\x60\x52\xa2\x1f\x04\x0c\x32\xb3\
\x8f\xab\x9b\xe1\xb7\x15\xbd\xf2\x2f\x00\xb6\x71\x0e\x3d\x0a\x58\
\xcb\xcc\xee\xf6\x0a\x28\x69\x6f\xe0\x54\xaf\x78\x9d\x18\xb0\xad\
\x99\x5d\x96\x21\x76\xa8\xa1\x28\x00\x42\xad\xb4\x5a\xf2\xef\x20\
\x69\x43\xe0\x9f\x19\x42\xbf\x04\xac\x5b\xf4\x92\x0f\xbd\x50\xec\
\xb4\xbf\x1a\xe8\x9b\x21\xfc\x71\x66\xe6\xd9\x1d\x12\x00\x49\x27\
\x00\xfb\x79\xc7\x25\xf5\x82\x58\xd7\xcc\xee\xc9\x10\x3b\xd4\x4c\
\x14\x00\xa1\x36\x5a\x35\xf9\x77\x90\x74\x36\xb0\x5b\x86\xd0\x03\
\x81\xbe\x66\xf6\x42\x86\xd8\x2d\x4d\xd2\x4c\xc0\x8d\xa4\xd7\x18\
\xde\x9e\x04\x56\xc8\xb1\x8f\x41\x92\x80\x4b\x48\x3d\x1b\xbc\x7d\
\x42\xda\x68\x1a\xdf\x4f\x2d\x2e\x0a\x80\x50\x0b\xad\x9e\xfc\x61\
\xf4\x93\xe6\x53\xc0\x42\x19\xc2\x7f\x0c\x6c\x68\x66\x0f\x65\x88\
\xdd\x92\x24\xcd\x0b\xdc\x02\x2c\x9a\x21\xfc\x50\xd2\xae\xff\xff\
\x66\x88\x0d\x80\xa4\xc9\x80\x5b\x81\xd5\x32\x84\x7f\x8b\x54\xbc\
\x94\xbe\xd1\x34\x94\x27\xfa\x00\x84\xca\xb5\x43\xf2\x87\xd1\x67\
\xba\xb7\x23\xcf\x6d\x6f\x33\x02\x77\x49\x6a\x68\xa7\x79\xbb\x90\
\xb4\x1e\xa9\xc9\x4f\x8e\xe4\x0f\xf0\xdb\x9c\xc9\x1f\xc0\xcc\xbe\
\x22\x9d\xc6\xc8\xf1\xa4\x3e\x0f\x70\x63\x71\x24\x32\xb4\xa8\x28\
\x00\x42\xa5\xda\x25\xf9\x77\x30\xb3\x47\x49\x9d\xec\x72\x98\x1c\
\x38\x43\xd2\x15\xf1\x8b\x7b\xec\x24\x4d\x2c\xe9\x68\xd2\xb2\xff\
\x2c\x99\x86\x39\xdf\xcc\xce\xca\x14\xbb\x8b\xe2\x64\xc1\xfa\xa4\
\xcd\x95\xde\x96\x00\xae\x2e\x36\x48\x86\x16\x14\xaf\x00\x42\x65\
\xda\x2d\xf9\x77\x26\xe9\x4c\x60\x8f\x8c\x43\xfc\x0f\xf8\x99\x99\
\x3d\x99\x71\x8c\xa6\x22\x69\x2e\xd2\x31\xbf\x95\x33\x0e\x73\x27\
\xb0\x5e\x05\xfd\x0b\x96\x00\xee\x05\x72\x14\x7e\xfd\xcd\x6c\x87\
\x0c\x71\x43\xc5\x62\x05\x20\x54\xa2\x9d\x93\x7f\x61\x2f\xe0\xba\
\x8c\xf1\xbf\x03\x3c\x28\xe9\xa0\x78\x82\x03\x49\xfd\x80\xa7\xc9\
\x9b\xfc\xff\x03\x6c\x5e\x76\xf2\x07\x30\xb3\x67\x80\xcd\x81\x1c\
\x63\x6f\x2f\xe9\xa8\x0c\x71\x43\xc5\x62\x05\x20\x94\x2e\x92\x7f\
\x52\xf4\x60\xbf\x1d\x58\x31\xf3\x50\xff\x05\xf6\x36\xb3\xdb\x33\
\x8f\x53\x3b\x92\xbe\x0f\x9c\x41\x9e\x8d\x72\x9d\x7d\x00\x2c\x6f\
\x66\x39\x7a\xf6\x77\x9b\xa4\xed\x81\x0b\x33\x85\xdf\xdd\xcc\xfe\
\x9a\x29\x76\xa8\x40\xac\x00\x84\x52\x45\xf2\xff\x86\x99\x0d\x05\
\x36\x22\x25\xe8\x9c\x16\x05\x6e\x2b\xf6\x06\xcc\x9d\x79\xac\x5a\
\x90\xd4\x47\xd2\x89\xa4\xa7\xfe\xdc\xc9\x7f\x18\xb0\x49\xd5\xc9\
\x1f\xc0\xcc\xfa\x93\x6f\x8f\xc9\x19\x45\x3f\x8b\xd0\x22\x62\x05\
\x20\x94\x26\x92\xff\xd8\x15\x2d\x75\x1f\x04\xe6\x28\x61\xb8\x21\
\xc0\x89\xc0\x29\x75\xeb\xc6\xe7\xa1\xe8\xe5\xbf\x0b\x29\x09\xce\
\x59\xc2\x90\x5f\x03\x5b\x99\xd9\xb5\x25\x8c\xd5\x6d\x19\x7b\x4e\
\x7c\x09\xac\x6e\x66\x8f\x65\x88\x1d\x4a\x16\x05\x40\x28\x45\x24\
\xff\xf1\x2b\x2e\xd9\xb9\x17\xe8\x53\xd2\x90\x5f\x00\x67\x02\x27\
\x9a\xd9\xfb\x25\x8d\x99\x8d\xa4\xa9\x48\x09\x6f\x7f\xca\x29\xa4\
\x00\x86\x03\x5b\x9a\x59\x8e\x0e\x8f\x0d\x91\x34\x31\x69\x8f\x49\
\x8e\x27\xf6\xf7\x49\x97\x51\xfd\x2f\x43\xec\x50\xa2\x28\x00\x42\
\x76\x91\xfc\xbb\x47\xd2\xb2\xc0\xbf\xc8\x77\x3c\x6d\x6c\x86\x02\
\xe7\x90\x0a\x81\xb7\x4a\x1c\xd7\x85\xa4\xe9\x49\xa7\x29\xf6\xa5\
\xfc\xcf\xdb\x4f\xcd\xec\x96\x12\xc7\xec\x91\xa2\x28\xba\x8b\x3c\
\x5d\x0e\x5f\x26\x15\x01\x1f\x66\x88\x1d\x4a\x12\x05\x40\xc8\x2a\
\x92\x7f\xcf\x48\xfa\x2e\xa9\x3b\xdd\x82\x25\x0f\x3d\x8a\x94\x2c\
\xfa\x03\x57\x9b\xd9\x17\x25\x8f\xdf\x6d\xc5\xf7\xd4\x7a\xc0\x0e\
\xa4\x3d\x14\x39\xae\xc7\x1d\x9f\x21\xc0\xc6\x66\x76\x67\xc9\xe3\
\xf6\x98\xa4\x59\x80\x87\x48\xa7\x42\xbc\x3d\x0c\xac\x59\xec\x65\
\x09\x4d\x28\x0a\x80\x90\x4d\x24\xff\xde\x91\x34\x1b\x69\x25\x60\
\xe9\x8a\xa6\xf0\x25\x69\xf9\xb8\x3f\x70\x67\xd1\x71\xae\x52\x45\
\xef\xfb\x65\x48\x9d\x14\xb7\xa1\xdc\xa7\xfd\xce\x3e\x07\x36\x30\
\xb3\xfb\x2b\x1a\xbf\xc7\x24\x2d\x44\xda\x63\x32\x73\x86\xf0\xd7\
\x03\x9b\x99\xd9\xa8\x0c\xb1\x43\x66\x51\x00\x84\x2c\x22\xf9\x37\
\x46\xd2\x34\xa4\x1b\xea\xd6\xad\x78\x2a\x43\x81\x07\x48\x0d\x6e\
\xee\x04\x1e\x37\xb3\x91\x65\x0c\x2c\xe9\x7b\xc0\x1a\xc0\x9a\xa4\
\x9d\xfc\x33\x95\x31\xee\x78\x0c\x02\x36\x6d\xc6\x0d\x70\x92\x56\
\x20\x7d\xfd\xa6\xcc\x10\xfe\x4c\x33\xdb\x33\x43\xdc\x90\x59\x14\
\x00\xc1\x5d\x24\x7f\x1f\x45\x03\x9f\xf3\x80\xed\xab\x9e\x4b\x27\
\x9f\x91\x0a\x82\x17\x80\x17\x3b\x3e\x1a\xd9\x48\x58\xb4\x2d\x5e\
\xa4\xd3\xc7\x62\xa4\x86\x3d\xb3\x35\x3c\x5b\x3f\x0f\x92\x9a\xfc\
\xbc\x5b\xf5\x44\x7a\x4b\xd2\x26\xc0\x35\xe4\x39\xfe\x7d\x90\x99\
\x1d\x97\x21\x6e\xc8\x28\x0a\x80\xe0\xaa\x55\x93\x7f\xb1\x04\xbd\
\x00\xf0\x43\xe0\x3d\xe0\xe9\x32\xde\x7d\x16\xe3\x1e\x0d\xb8\xdf\
\x29\xef\x6c\x30\xa9\xfd\xf0\x60\xd2\x32\x79\xe7\x8f\x21\xa4\xf7\
\xf4\x7d\x8a\x8f\x69\x3b\xfd\x73\x7e\xca\xdb\xb5\xdf\x5b\x7f\x05\
\x7e\x5d\x87\x57\x21\x8d\x2a\x2e\x8b\x3a\x23\x43\x68\x03\xb6\x33\
\xb3\x4b\x32\xc4\x0e\x99\x44\x01\x10\xdc\xb4\x62\xf2\x97\x34\x1f\
\xf0\x17\x60\x2d\xba\xf6\x59\x1f\x01\x3c\x0f\x1c\x67\x66\x97\x95\
\x30\x8f\x8d\x48\xab\x01\x55\xbd\xfb\x6e\x47\x5f\x01\x7b\x9a\xd9\
\xdf\xaa\x9e\x88\x27\x49\xc7\x02\x07\x66\x08\xfd\x15\xe9\x1e\x84\
\xbb\x32\xc4\x0e\x19\x44\x01\x10\x5c\xb4\x5a\xf2\x97\x34\x11\xa9\
\x5f\xff\x51\xc0\x34\x13\xf8\xe3\xd7\x02\x7b\x98\xd9\x7b\x99\xe7\
\x34\x3b\xf0\x0f\xa0\x6f\xce\x71\x02\x00\x03\x81\x2d\xcc\xec\xe1\
\xaa\x27\xe2\xad\x58\x55\xea\x0f\xf4\xcb\x10\xfe\x53\x60\x65\x33\
\x7b\x3e\x43\xec\xe0\x2c\x0a\x80\xd0\xb0\x16\x4c\xfe\xbd\xf9\xfb\
\x0c\x04\x7e\x60\x66\x83\xf3\xcc\x2a\x29\x7e\x79\xff\x1a\x38\x8e\
\x74\xfd\x6f\xf0\x77\x01\xb0\x6f\xee\xaf\x65\x95\x24\x4d\x06\xdc\
\x44\xda\x60\xe9\xed\x6d\x60\x05\x33\x1b\x98\x21\x76\x70\x14\x05\
\x40\x68\x48\x24\xff\x2e\x4a\xbb\x36\x55\xd2\x0f\x80\x4b\x80\xc5\
\xcb\x18\xaf\x4d\xbc\x05\xec\x6a\x66\x37\x57\x3d\x91\x32\x48\x9a\
\x0e\xb8\x0f\xf8\x41\x86\xf0\xcf\x91\x56\x02\x3e\xcb\x10\x3b\x38\
\x89\xcb\x80\x42\xaf\x45\xf2\xff\x96\xed\x8b\x77\xf5\xd9\x99\xd9\
\x73\xc0\xb2\xc0\x69\xa4\x0d\x58\xa1\xf7\x8c\xd4\x0d\x71\xf1\x76\
\x49\xfe\x00\x66\xf6\x29\xb0\x01\xe9\x89\xdd\xdb\x0f\x80\x6b\x8b\
\x95\x86\x50\x53\x51\x00\x84\x5e\x69\xd1\xe4\x7f\x19\x8d\xff\x7d\
\x72\x5c\xc0\x32\x56\x66\x36\xcc\xcc\x7e\x4d\x2a\x04\x62\xe3\x55\
\xef\xbc\x0a\xac\x6d\x66\xbb\xb5\xe3\xd3\xaa\x99\xbd\x4d\x2a\x02\
\x3e\xcd\x10\x7e\x4d\xe0\xfc\xe2\xb5\x55\xa8\xa1\x28\x00\x42\x8f\
\xb5\x70\xf2\xdf\xdc\x21\x5c\xe9\xdd\xfb\xcc\xec\x09\x33\x5b\x93\
\xf4\x8b\x3c\x36\x5f\x75\xcf\xfb\xa4\xbd\x14\x8b\x35\x43\x4b\xdf\
\x9c\x8a\xd5\xa4\x9f\x92\x76\xf1\x7b\xeb\x47\x3a\xc6\x1a\x6a\x28\
\xf6\x00\x84\x1e\x89\xe4\xdf\x2d\x73\x9a\xd9\x3b\x8e\xf1\xba\xad\
\x38\xbd\xb0\x23\xf0\x27\x60\xee\x2a\xe6\x50\x73\x9f\x01\x7f\x06\
\xfe\x52\xe7\xfb\x0e\xaa\x20\x69\x5b\xe0\x22\x20\xc7\x13\xfb\xaf\
\xcc\xec\xac\x0c\x71\x43\x03\x62\x05\x20\x74\x5b\x24\xff\x6e\x9b\
\xd0\xb1\xc1\x6c\xcc\x6c\x94\x99\xfd\x1d\x58\x18\x38\x84\x3c\x4b\
\xbb\xcd\x68\x38\x70\x12\xf0\x1d\x33\x3b\x22\x92\xff\xb7\x15\x4d\
\x7c\x0e\xce\x14\xfe\x34\x49\x1b\x67\x8a\x1d\x7a\x29\x56\x00\x42\
\xb7\x44\xf2\xef\xb6\x2f\x81\x3e\x75\xb9\x1c\x45\xd2\x8c\xc0\x2e\
\xc0\xae\xc0\x77\x2b\x9e\x4e\x95\x2e\x07\xb6\x37\xb3\xaf\xab\x9e\
\x48\xdd\x49\x3a\x03\xf8\x55\x86\xd0\x5f\x92\x6e\x0f\x7c\x24\x43\
\xec\xd0\x0b\x51\x00\x84\x09\x6a\xd1\xe4\x7f\x39\xb0\x59\x86\xf0\
\x8f\x9b\xd9\xb2\x19\xe2\x36\xa4\xd8\x88\xb5\x16\x69\x93\xe2\x26\
\xc0\xa4\xd5\xce\xa8\x12\x0f\x02\x5b\x9a\xd9\xa0\xaa\x27\x52\x67\
\xc5\x6b\xa4\x6b\x48\xdf\x27\xde\x3e\x00\x56\x34\xb3\x57\x32\xc4\
\x0e\x3d\x14\xaf\x00\xc2\x78\x45\xf2\xef\xb1\x1b\x32\xc5\x6d\x88\
\x25\xb7\x9b\xd9\x96\xc0\xbc\xc0\xa1\xc0\xeb\xd5\xce\xaa\x74\x2b\
\x02\x4f\x48\x5a\xa5\xea\x89\xd4\x59\xb1\x7a\xb5\x0d\x90\xa3\x0b\
\xe2\x2c\xc0\x4d\x92\xa2\xa5\x75\x0d\xc4\x0a\x40\x18\xa7\x48\xfe\
\x3d\xf6\x5f\x60\x49\x33\x1b\x9e\x29\xbe\xab\xe2\x49\x6f\x17\xd2\
\x19\xf8\x76\x32\x02\xf8\xad\x99\x9d\x5a\xf5\x44\xea\x4c\xd2\xcc\
\xa4\x55\x93\x85\x32\x84\x7f\x84\xf4\x3a\xe0\xcb\x0c\xb1\x43\x37\
\xc5\x0a\x40\x18\xab\x16\x4c\xfe\x93\x92\x37\xf9\x1b\xf0\x8b\x66\
\x49\xfe\x85\x39\x81\x03\xaa\x9e\x44\x05\x26\x01\x4e\x91\x74\x91\
\xa4\xa9\xaa\x9e\x4c\x5d\x99\xd9\x87\xc0\xfa\xa4\x23\x93\xde\x96\
\x07\x2e\x95\x34\x71\x86\xd8\xa1\x9b\xa2\x00\x08\xdf\xd2\xa2\xc9\
\xff\x32\xf2\x25\x7f\x80\xff\x33\xb3\x07\x32\xc6\x77\x25\x69\x6e\
\x52\xf3\xa0\x76\xde\x18\xd8\x0f\x78\x48\xd2\x82\x55\x4f\xa4\xae\
\xcc\xec\x7f\xc0\x86\xa4\x0d\x7c\xde\x36\x06\x4e\xcf\x10\x37\x74\
\x53\xbc\x02\x08\x5d\xb4\x68\xf2\xbf\x9c\xd4\xe8\x24\x97\x7d\xcd\
\xec\xe4\x8c\xf1\x5d\xd5\x34\xf9\x7f\x41\xea\xca\xf7\xbf\xe2\x63\
\x18\xb0\x1f\x30\x45\x09\x63\x0f\x06\xfa\x99\xd9\x4d\x25\x8c\xd5\
\x94\x24\x6d\x08\x5c\x07\xe4\x78\x62\x3f\xc4\xcc\x8e\xc9\x10\x37\
\x4c\x40\x14\x00\x61\xb4\x48\xfe\xbd\xb2\x8f\x99\x9d\x92\x31\xbe\
\xab\x12\x92\xff\x60\xe0\xf7\xa4\x53\x06\x7d\x48\x3d\x11\xa6\x26\
\x25\xf4\x2f\x8a\x8f\xcf\x3b\xfd\xef\xf7\x81\x57\xc7\x76\x95\xb2\
\xa4\xa5\x49\xbb\xd1\xe7\xcd\x34\xd7\xce\x46\x01\x87\x03\x47\x58\
\xfc\x52\x1c\x2b\x49\xbb\x01\x67\x67\x08\x6d\xc0\x0e\x66\x76\x51\
\x86\xd8\x61\x3c\xa2\x00\x08\x40\x24\xff\x5e\x8a\xe4\xdf\xd5\x60\
\x52\x5f\xfd\x27\xbd\x02\x16\x1b\xd1\x2e\x05\xd6\xf6\x8a\x39\x01\
\xff\x24\xf5\x0b\x88\x06\x4a\x63\x21\xe9\x48\xd2\x09\x12\x6f\x5f\
\x03\xeb\x9b\xd9\x1d\x19\x62\x87\x71\x88\x02\x20\x44\xf2\xef\x9d\
\x48\xfe\x5d\xb9\x27\xff\x0e\xc5\x46\xb1\xa3\x80\x03\xbd\x63\x8f\
\xc3\xcb\xc0\x66\x66\x16\xf7\x2a\x8c\x85\xa4\x0b\x80\x1c\xd7\x5e\
\x7f\x06\xac\x62\x66\xcf\x66\x88\x1d\xc6\x22\x0a\x80\x36\x17\xc9\
\xbf\x57\x1f\xa0\x0b\x16\x00\x00\x20\x00\x49\x44\x41\x54\x22\xf9\
\x77\x95\x2d\xf9\x77\x26\x69\x73\xe0\xef\xa4\x57\x0b\xb9\x0d\x01\
\x76\x31\xb3\xcb\x4b\x18\xab\xa9\x14\x3f\x63\x37\x92\x67\x55\x66\
\x20\xb0\x42\x71\x4b\x61\xc8\x2c\x0a\x80\x36\x16\xc9\xbf\x57\x22\
\xf9\x77\x55\x4a\xf2\xef\x20\x69\x31\xe0\x5a\x60\x91\x32\xc6\x23\
\xdd\x1f\x70\xa0\x99\x8d\x28\x69\xbc\xa6\x20\x69\x5a\xe0\x5e\x60\
\x89\x0c\xe1\x9f\x07\x56\x8e\xd7\x30\xf9\x45\x01\xd0\xa6\x5a\x34\
\xf9\x5f\x01\x6c\x9a\x71\x98\xdf\x34\x53\xf3\x98\x56\x4b\xfe\x1d\
\x24\xf5\x01\x2e\x20\x6f\xa1\xd7\xd9\xdd\xc0\x56\x66\x96\xe3\x3c\
\x7c\xd3\x92\x34\x27\xa9\x5b\xe0\x3c\x19\xc2\xdf\x05\xac\x67\x66\
\x39\xae\x28\x0e\x85\xe8\x03\xd0\x86\x22\xf9\xf7\x4a\x24\xff\xae\
\x2a\x49\xfe\x00\x66\xf6\x39\xe9\x12\xa7\x43\x48\xbb\xf7\x73\x5b\
\x9d\xd4\x42\x78\xf9\x12\xc6\x6a\x1a\xc5\x9d\x0a\xeb\x03\x9f\x64\
\x08\xbf\x06\xf0\xf7\xe2\x0e\x8b\x90\x49\x14\x00\x6d\x26\x92\x7f\
\xaf\x44\xf2\xef\xaa\xb2\xe4\xdf\xa1\xb8\xdb\xe0\x18\x52\x02\xfa\
\xa8\x84\x21\xe7\x06\xee\x95\xb4\x6b\x09\x63\x35\x0d\x33\x7b\x81\
\xf4\xb3\x97\xa3\x03\xe6\xb6\xc0\xb1\x19\xe2\x86\x42\xbc\x02\x68\
\x23\x91\xfc\x7b\x25\x92\x7f\x57\x95\x27\xff\x31\x49\x9a\x9f\xd4\
\x2f\xe0\x47\x25\x0d\x79\x1e\xb0\x67\x93\xb5\x7d\xce\x4a\xd2\x56\
\xa4\xdf\x2d\x39\x9e\xd8\xf7\x32\xb3\x33\x32\xc4\x6d\x7b\xb1\x02\
\xd0\x26\x22\xf9\xf7\x4a\x24\xff\xae\x6a\x97\xfc\x01\xcc\xec\x75\
\xd2\x4d\x7f\x17\x94\x34\xe4\x2e\xc0\xfd\x92\xca\x68\x50\xd4\x14\
\x8a\xd3\x12\xb9\xee\x95\x38\x55\x52\xce\x9f\xf3\xb6\x15\x2b\x00\
\x6d\xa0\x45\x93\xff\x95\xe4\xb9\xaf\xbc\xc3\xaf\xcd\xec\xb4\x8c\
\xf1\x5d\xb5\x6b\xf2\x1f\x93\xa4\x5f\x01\x27\x93\x3a\x11\xe6\xf6\
\x21\xb0\x75\x34\xaf\xf9\x86\xa4\x53\x81\xbd\x33\x84\x1e\x4a\xba\
\x3d\x30\xc7\x15\xc5\x6d\x2b\x0a\x80\x16\x17\xc9\xbf\x57\x22\xf9\
\x77\xd5\x14\xc9\xbf\x83\xa4\x15\x49\xdf\x23\x73\x96\x30\xdc\x48\
\x52\x2f\xfb\xe3\x4b\x18\xab\xf6\x8a\x2b\xa6\xaf\x24\xcf\xc5\x5b\
\x1f\x02\x2b\x9a\xd9\xcb\x19\x62\xb7\xa5\x28\x00\x5a\x58\x24\xff\
\x5e\x89\xe4\xdf\x55\x53\x25\xff\x0e\x92\x66\x27\xbd\x22\x5a\xa5\
\xa4\x21\xaf\x02\x76\x36\xb3\x2f\x4a\x1a\xaf\xb6\x24\x4d\x01\xdc\
\x41\x7a\x2d\xe3\xed\x55\xe0\xc7\x71\x24\xd3\x47\xec\x01\x68\x51\
\x91\xfc\x7b\x25\x92\x7f\x57\x4d\x99\xfc\x01\xcc\xec\x5d\x60\x4d\
\xa0\xac\x3d\x1c\x5b\x00\x8f\x48\x2a\xab\x41\x51\x6d\x99\xd9\x30\
\xd2\x55\xbf\x2f\x66\x08\xbf\x20\x70\x83\xa4\xa9\x32\xc4\x6e\x3b\
\x51\x00\xb4\xa0\x48\xfe\xbd\xb2\x77\x24\xff\x2e\x9a\x36\xf9\x77\
\x30\xb3\x11\x66\xf6\x1b\x60\x3b\xf2\xdc\x67\x3f\xa6\xef\x01\x8f\
\xc6\x86\x35\x30\xb3\x8f\x48\x47\x34\xbf\x75\xcb\xa3\x83\x65\x81\
\xcb\x8b\x3b\x22\x42\x03\xa2\x00\x68\x31\x2d\x9a\xfc\xaf\x22\x7f\
\xf2\x3f\x3d\x63\x7c\x57\x91\xfc\x7b\xc6\xcc\x2e\x26\x2d\x47\xbf\
\x5a\xc2\x70\xd3\x02\xd7\x48\x3a\xaa\x78\x1f\xde\xb6\xcc\xec\x35\
\xe0\x27\xa4\x7b\x15\xbc\x6d\x08\x9c\x99\x21\x6e\x5b\x69\xeb\x6f\
\xd0\x56\xd3\xc2\xc9\x7f\xe3\x8c\xc3\x44\xf2\xef\xaa\xa5\x92\x7f\
\x07\x33\x7b\x06\x58\x06\xb8\xa9\x84\xe1\x44\xea\x52\x78\x93\xa4\
\x19\x4b\x18\xaf\xb6\xcc\xec\x09\x60\x4b\x20\xc7\x5d\x0a\xbb\x4a\
\xca\x71\x35\x71\xdb\x88\x02\xa0\x45\xb4\x60\xf2\x9f\x8c\x48\xfe\
\x5d\x44\xf2\x6f\x8c\x99\x0d\x26\x3d\x39\x1e\x01\x94\xb1\xfb\x79\
\x5d\x52\x0b\xe1\xb2\x1a\x14\xd5\x92\x99\xdd\x04\xec\x91\x29\xfc\
\x91\x92\x72\x5c\x4d\xdc\x16\xe2\x14\x40\x0b\x68\xd1\xe4\x7f\x25\
\x91\xfc\x47\x8b\xe4\xef\x4b\xd2\x46\x40\x7f\x60\xba\x12\x86\x1b\
\x0a\xec\x6e\x66\x17\x96\x30\x56\x6d\x49\x3a\x1c\xf8\x43\x86\xd0\
\x5f\x03\x1b\x98\xd9\xed\x19\x62\xb7\xb4\x28\x00\x9a\x5c\x24\xff\
\x5e\x69\xaa\xd6\xa2\x25\x25\xff\x75\x8a\xe5\xda\xb6\x21\x69\x21\
\xd2\xd5\xc2\xdf\x2f\x69\xc8\x33\x80\x7d\xcd\xec\xeb\x92\xc6\xab\
\x1d\x49\x7f\x07\x76\xca\x10\xfa\x33\x60\xd5\xe2\x55\x4f\xe8\xa6\
\x28\x00\x9a\x58\xab\x25\x7f\x00\x49\x17\x01\xfd\x32\x0e\x11\xc9\
\xbf\xab\xb6\x4c\xfe\x1d\x24\x4d\x0d\x9c\x0f\xfc\xac\xa4\x21\x1f\
\x04\xb6\x30\xb3\x77\x4a\x1a\xaf\x56\x8a\xdf\x59\x37\x00\x7d\x33\
\x84\x1f\x04\xac\x60\x66\x6f\x65\x88\xdd\x92\x62\x0f\x40\x93\x6a\
\xd1\xe4\xff\x1b\x22\xf9\x8f\x16\xc9\x3f\x3f\x33\x1b\x62\x66\x5b\
\x01\xfb\x91\xba\xfa\xe5\xb6\x22\xf0\xa4\xa4\x95\x4b\x18\xab\x76\
\xcc\x6c\x04\xe9\x77\xd6\x53\x19\xc2\xcf\x49\xda\x78\x39\x7d\x86\
\xd8\x2d\x29\x56\x00\x9a\x50\x8b\x26\xff\xe9\x81\xb7\x81\xa9\x33\
\x0d\x11\xc9\xbf\xab\xb6\x4f\xfe\x63\x92\xb4\x06\x70\x39\x30\x4b\
\x09\xc3\x7d\x0d\xfc\xb6\x99\x7a\x4f\x78\x92\x34\x07\xf0\x10\x30\
\x5f\x86\xf0\xf7\x00\x7d\xe3\xb6\xc6\x09\x8b\x15\x80\x26\xd3\x8a\
\xc9\xbf\xb0\x33\xf9\x92\xff\x9e\x91\xfc\xbb\x88\xe4\x3f\x16\x66\
\x76\x17\xb0\x14\xf0\x68\x09\xc3\x4d\x4a\xba\xe5\xee\x22\x49\x53\
\x96\x30\x5e\xad\x14\xaf\x40\xd6\x27\x7d\x2f\x7a\x5b\x0d\xf8\x87\
\xa4\x1c\x57\x13\xb7\x94\x28\x00\x9a\x48\x0b\x27\x7f\x48\xbf\x0c\
\x72\xd8\xd3\xcc\x9a\xa6\x61\x48\x24\xff\x6a\x99\xd9\xdb\xc0\xaa\
\xc0\xb9\x25\x0d\xd9\x0f\x78\x48\xd2\x82\x25\x8d\x57\x1b\x66\xf6\
\x1f\x52\x83\xaf\x1c\x4f\xea\x5b\x03\x71\x41\xd3\x04\x44\x01\xd0\
\x24\x5a\x3c\xf9\x43\x9e\x84\x17\xc9\xbf\xab\x48\xfe\xdd\x60\x66\
\xc3\xcd\x6c\x57\xe0\x97\xe4\x49\x4e\x63\x5a\x02\x78\x5c\x52\xae\
\x22\xb8\xb6\xcc\xec\x3e\x60\x7b\xf2\xf4\x65\xd8\x4f\x52\x8e\xab\
\x89\x5b\x46\xec\x01\xa8\x29\x49\x7d\x80\x05\x48\x97\x5f\x2c\x48\
\x7a\x42\x5e\x3b\xe3\x90\x55\x26\x7f\x24\x7d\x04\x78\x75\x4d\x33\
\xd2\x3b\xff\x48\xfe\xdf\x88\xe4\xdf\x0b\x92\x96\x05\xae\x06\xe6\
\x29\x61\xb8\x51\xc0\x61\xc0\x91\xd6\x66\xbf\x98\x25\xed\x0b\x9c\
\x94\x21\xf4\x28\xd2\xa9\x8b\x6b\x33\xc4\x6e\x7a\x51\x00\x54\xa4\
\x78\x3f\x35\x1f\xdf\x24\xf8\x05\xe9\x9a\xf0\x67\x2e\x71\x3a\x95\
\x26\x7f\x00\x49\x4f\x01\x4b\x3a\x84\x8a\xe4\xff\x6d\x91\xfc\x1b\
\x20\x69\x16\xd2\xe6\xc0\x35\x4a\x1a\xf2\x9f\xc0\xf6\x66\xf6\x69\
\x49\xe3\xd5\x82\xa4\xbf\x00\xfb\x64\x08\x3d\x0c\x58\xcb\xcc\x1e\
\xcc\x10\xbb\xa9\x45\x01\x50\x22\x49\x33\x90\xda\x83\x6e\x00\xac\
\x07\xcc\x5a\xed\x8c\x80\x74\x5b\xd7\x7e\xc0\x8d\x66\xf6\x71\x55\
\x93\x70\x3a\xff\x6f\xa4\x65\xff\xb3\x1c\xa6\x54\x8a\x48\xfe\xcd\
\xa1\xb8\x79\xee\x58\xd2\xcf\x4a\x19\x5e\x06\x7e\x6a\x66\x2f\x94\
\x34\x5e\xe5\x8a\x87\xa2\x2b\xc8\xf3\x9a\xf3\x23\x60\x45\x33\x7b\
\x29\x43\xec\xa6\x15\x05\x40\x66\x92\x96\x24\x25\xfc\x0d\x80\x15\
\x80\xba\x5e\x61\x39\x12\x78\x80\xf4\xf4\xf1\x4f\x33\xcb\x71\x97\
\xf7\x38\x49\x5a\x07\xb8\xb5\x81\x10\x91\xfc\xbf\x2d\x92\xbf\x33\
\x49\x5b\x92\x1a\x07\x4d\x53\xc2\x70\x43\x80\x5d\xcc\xec\xf2\x12\
\xc6\xaa\x05\x49\x93\x03\xb7\x01\xab\x64\x08\xff\x1a\xf0\x63\x33\
\xcb\x71\x45\x71\x53\x8a\x02\xc0\x99\xa4\x69\x81\x75\x48\xef\xec\
\xd7\x27\x35\xa7\x68\x46\x2f\x03\x03\x48\x05\xc1\xfd\x66\x96\xb5\
\x49\x4a\x51\xfd\x3f\x0b\x2c\xde\x8b\xff\x3c\x92\xff\xb7\x45\xf2\
\xcf\x44\xd2\xf7\x81\x6b\x80\x85\x4b\x1a\xf2\x44\xe0\xc0\xdc\x3f\
\x83\x75\x51\xac\x94\x3e\x00\x2c\x96\x21\xfc\xe3\xc0\xea\x66\x96\
\xe3\x8a\xe2\xa6\x13\x05\x80\x13\x49\x3f\x04\xf6\x07\xb6\x22\x9d\
\xf1\x6d\x25\x03\x49\x7d\xcc\xcf\x31\xb3\x8f\x72\x0d\x22\xe9\x7b\
\xa4\x33\xd8\x3d\xe9\x07\x10\xc9\xff\xdb\x3e\x21\x5d\xec\x13\xc9\
\x3f\x13\x49\xd3\x01\x17\x92\xf7\xce\x8a\xce\xee\x06\xb6\x32\xb3\
\xf7\x4b\x1a\xaf\x52\x92\xe6\x03\x1e\x06\x66\xcf\x10\xfe\x46\x60\
\xe3\x76\x29\xa8\xc6\x27\x0a\x80\x06\x49\x5a\x9b\x94\xf8\xd7\xad\
\x7a\x2e\x25\x18\x06\x5c\x0c\x9c\x62\x66\xcf\xe5\x18\x40\xd2\x06\
\xc0\x25\x74\xef\x96\xb6\x61\xc0\xae\x66\xd6\x3f\xc7\x5c\x72\x88\
\xe4\xdf\x3a\x8a\x55\xab\x43\x81\xc3\x29\xe7\x48\xf5\xdb\xc0\xe6\
\x66\x56\x46\xa3\xa2\xca\x15\xd7\x28\xdf\x4b\x9e\xd7\x2d\x7f\x33\
\xb3\x5f\x66\x88\xdb\x54\xa2\x00\xe8\x85\xe2\x4c\xfe\xcf\x48\x1b\
\x82\xda\xf5\xae\xef\xbb\x80\x53\x48\xfb\x05\x46\x79\x06\x2e\x9a\
\xa2\x9c\x07\xac\x3e\x9e\x3f\xf6\x3c\xf0\x73\x33\x7b\xcc\x73\xec\
\x9c\x22\xf9\xb7\x26\x49\xeb\x91\x8a\xd6\x19\x4a\x18\x6e\x38\xe9\
\x2a\xeb\xb2\x1a\x15\x55\x4a\x52\x5f\xd2\xe5\x41\x93\x64\x08\xff\
\x07\x33\x3b\x22\x43\xdc\xa6\x11\x05\x40\x0f\x48\x9a\x06\xf8\x05\
\xe9\xa8\x4a\x8e\x1e\xd6\xcd\xe8\x35\xe0\xcf\xa4\xd7\x03\x23\x3c\
\x03\x4b\x5a\x82\xd4\x24\x64\x11\x60\x2e\xe0\x03\xd2\xde\x84\x6b\
\xcd\xec\x0e\xcf\xb1\x72\x8b\xe4\xdf\xda\x24\x2d\x40\xba\x5a\x78\
\x89\x92\x86\x3c\x8f\xf4\xea\xab\xe5\xfb\xdd\x4b\xda\x99\xb4\xf1\
\x32\x87\x9d\xcd\xec\x1f\x99\x62\xd7\x5e\x14\x00\xdd\x50\x6c\x4a\
\xd9\x1f\xd8\x9d\x72\xaa\xfc\x66\xf4\x6f\x60\x1f\x33\xbb\xad\xea\
\x89\xd4\x4d\x24\xff\xf6\x50\xf4\xf4\x3f\x07\xd8\xae\xa4\x21\x1f\
\x23\xbd\x12\x68\xf9\xeb\x6f\x25\xfd\x81\xf4\xaa\xc5\xdb\xd7\xa4\
\xd7\x9a\x0f\x17\x1f\xcf\xb7\xd3\xde\x80\x28\x00\x26\xa0\x38\xf6\
\x73\x1a\x30\x5b\xd5\x73\x69\x12\x03\x48\xb7\x9c\xbd\x52\xf5\x44\
\xea\xa0\xa4\xe4\xbf\x8e\x99\x3d\x9e\x29\x7e\xe8\xa1\xa2\xfd\xec\
\x89\x94\xb3\x19\xf8\x03\x60\x6b\x33\xbb\xb3\x84\xb1\x2a\x25\xe9\
\x6f\xc0\x2e\x99\x87\x19\x42\x2a\xac\x3a\x0a\x82\x87\x5b\xf9\xd8\
\x60\x14\x00\xe3\x20\x69\x4e\xe0\x4c\xd2\x65\x15\xa1\x67\xbe\x02\
\x4e\x26\xb5\x34\xfd\xbc\xea\xc9\x54\x25\x92\x7f\xfb\x92\xb4\x32\
\x70\x25\x79\x76\xb1\x8f\x69\x24\x70\xb0\x99\x9d\x50\xc2\x58\x95\
\x29\x7a\x04\x3c\x4b\x79\xc7\x2f\x21\x9d\x32\xba\x9d\x74\x0a\xca\
\x7d\xbf\x53\xd5\xa2\x00\x18\x43\xb1\xb3\xf7\x17\xc0\x09\x74\x6f\
\x27\x7a\x18\xb7\xf7\x80\x83\x81\x7f\xb4\x61\x6f\xf3\x48\xfe\x6d\
\xae\xb8\xf3\xfe\x2a\x60\xc5\x92\x86\xbc\x92\xb4\x31\xf6\x8b\x92\
\xc6\x2b\x85\xa4\xa9\x81\x9f\x03\xfb\x92\xda\xa5\x57\xe5\x0d\xe0\
\x2c\xe0\x3c\x33\xfb\xb0\xc2\x79\xb8\x89\x02\xa0\x13\x49\xdf\x25\
\x5d\x03\xba\x7a\xc5\x53\x69\x35\x37\x03\x3b\x98\xd9\x07\x55\x4f\
\xa4\x0c\x91\xfc\x43\x07\x49\x93\x02\x7f\x01\xf6\x2c\x69\xc8\x7f\
\x93\x5a\x08\x37\x7d\xcb\xdb\xa2\xa9\xda\xfe\xc0\xaf\xf0\xbb\x28\
\xcc\xc3\x30\xd2\xdd\x10\xa7\x37\xfb\xcf\x60\x14\x00\x8c\xee\xf3\
\xfd\x7f\xa4\x4d\x26\x53\x56\x3c\x9d\x56\xf5\x0e\xd0\xcf\xcc\xee\
\xaa\x7a\x22\x39\x45\xf2\x0f\x63\x23\x69\x07\xe0\x6c\xca\xf9\xfd\
\xf2\x19\xa9\xe0\xbe\xbe\x84\xb1\xdc\x15\xab\xb0\x3b\x00\xc7\x51\
\xff\xbd\x57\xfd\x49\x9b\x9f\x2b\xbb\x47\xa5\x11\x6d\x5f\x00\x48\
\x5a\x1c\xf8\x07\xb0\x74\xc5\x53\x69\x07\xa3\x80\x23\x80\x23\x5a\
\x71\xa7\x6d\x24\xff\x30\x3e\x45\x63\x9b\x6b\x80\xf9\x4b\x18\xce\
\x80\xa3\x49\x67\xdd\x9b\xe6\xbd\xb5\xa4\xa5\x80\xd3\x81\x1f\x57\
\x3d\x97\x1e\x78\x8f\x74\x03\xe9\x55\x55\x4f\xa4\xa7\xda\xba\x00\
\x28\x1a\x78\x5c\x49\x39\x17\x7b\x84\x6f\xdc\x03\x6c\x6b\x66\x83\
\xaa\x9e\x88\x97\x48\xfe\xa1\x3b\x24\xcd\x08\x5c\x4a\x79\x9d\x43\
\x6f\x21\xfd\xac\xd5\xfe\x09\x55\xd2\x5e\xa4\xcd\xc3\x75\xbd\x30\
\x6d\x42\xae\x21\xf5\x66\x78\xb7\xea\x89\x74\x57\xdb\x16\x00\x92\
\x7e\x49\xda\xe5\x9f\xa3\xc3\x94\x87\x0f\x80\x17\x8b\x8f\x0f\x48\
\xc7\x53\xbe\xe8\xf4\x31\x04\x10\xa9\x78\xe9\xf8\x98\xba\xf8\xe7\
\x1c\xa4\xe6\x39\x8b\x50\xdf\x8d\x8c\x1f\x92\x96\x29\x6f\xaa\x7a\
\x22\x8d\x8a\xe4\x1f\x7a\x42\xd2\x44\xa4\x95\xb0\x83\x49\x3f\xc3\
\xb9\xbd\x06\x6c\x66\x66\x4f\x97\x30\x56\x8f\x15\x9d\x55\x4f\x05\
\xf6\xa8\x7a\x2e\x0e\x06\x03\xfb\x9a\xd9\x05\x55\x4f\xa4\x3b\xda\
\xae\x00\x28\xde\x2f\x1d\x09\x1c\x52\xf5\x5c\x3a\x79\x9e\x94\x40\
\x9e\xa4\x48\xfa\x5e\x15\xbb\xa4\xd9\xf8\xa6\x18\x58\x16\x58\x13\
\xf8\x8e\x47\x6c\x07\x06\x1c\x64\x66\xc7\x57\x3d\x91\xde\x8a\xe4\
\x1f\x7a\x4b\xd2\xa6\xc0\x05\xc0\xb4\x25\x0c\x37\x14\xd8\xad\x6e\
\xf7\x66\x14\x4d\xd6\xae\x04\xd6\xaa\x7a\x2e\xce\x2e\x24\x9d\xc8\
\xa8\xf5\xab\xce\xb6\x2a\x00\x24\x4d\x46\x6a\x29\xd9\xaf\xe2\xa9\
\xbc\x44\x4a\x1a\x77\x02\x77\x97\x7d\xc3\x97\xa4\x79\x49\x85\xc0\
\x1a\xa4\x1f\xbc\xb9\xca\x1c\x7f\x2c\x8e\x33\xb3\x83\x2a\x9e\x43\
\x8f\x45\xf2\x0f\x8d\x92\xb4\x08\xa9\x85\x70\x8e\xab\x6f\xc7\xe6\
\x0c\xd2\x13\xea\xd7\x25\x8d\x37\x4e\x92\x16\x22\xf5\xf9\x2f\xf3\
\x5c\x7f\x99\xae\x01\xb6\x31\xb3\xaf\xaa\x9e\xc8\xb8\xb4\x4d\x01\
\x20\x69\x7a\xd2\x0f\xda\xea\x15\x4d\xe1\x3d\x52\xcb\xc9\x0b\xcc\
\xec\xd9\x8a\xe6\x30\x56\x45\xd3\x92\x1d\x81\x2d\xa9\xee\x95\xc1\
\x39\xc0\x1e\xcd\xb2\x61\x29\x92\x7f\xf0\x52\xdc\x31\xf2\x77\x60\
\x8b\x92\x86\x7c\x00\xd8\xd2\xcc\xde\x29\x69\xbc\x6f\x91\xb4\x16\
\xe9\xc9\xbf\xd5\x5b\xab\xdf\x4c\x7a\xfd\x32\xb4\xea\x89\x8c\x4d\
\x5b\x14\x00\xc5\xdd\xd2\x37\x51\x5e\x95\xdd\x61\x38\xa9\x35\xee\
\x05\xc0\x2d\xde\x97\xe5\x78\x93\x34\x05\xb0\x29\xa9\x18\x58\x87\
\xf2\x37\xe3\x5c\x0e\x6c\x5f\x87\xa7\x93\xf1\x89\xe4\x1f\x72\x90\
\x74\x00\x69\xe7\x7e\x19\x3f\x77\xef\x92\x8a\x80\xfb\x4b\x18\xab\
\x0b\x49\xbb\x91\x76\xfa\xd7\x75\xff\x95\xb7\x7b\x81\x0d\xeb\xd8\
\x15\xb5\xe5\x0b\x00\x49\x4b\x93\x96\x99\xca\x68\xc9\xd9\xe1\x73\
\x52\xc7\xa8\x93\x9a\xb5\x8f\x74\x71\x25\xef\x01\xc0\x4e\xc0\xe4\
\x25\x0e\x7d\x33\xe9\x82\x93\x2f\x4b\x1c\xb3\xdb\x22\xf9\x87\x9c\
\x8a\x27\xe3\xcb\x80\x99\x4b\x18\xee\x6b\xd2\xbd\x1d\xa7\x95\x30\
\x16\x30\xfa\x6e\x95\x2b\xca\x1a\xaf\x46\x1e\x03\xd6\xab\xdb\x69\
\x8c\x96\x2e\x00\x24\xfd\x80\xb4\xdc\xd5\xa7\xa4\x21\x3f\x06\x4e\
\x01\x4e\x33\xb3\xc1\x25\x8d\x99\x55\x71\x27\xc2\x7e\xc0\xae\xa4\
\x53\x06\x65\xb8\x9f\x54\x31\x7f\x5a\xd2\x78\xdd\x12\xc9\x3f\x94\
\xa1\xd8\xa3\x73\x35\xb0\x4c\x49\x43\x5e\x04\xec\x9a\x7b\x99\x5a\
\xd2\xc2\xc0\xe3\x94\xf7\xfb\xb8\x6e\x9e\x04\x56\x32\xb3\x61\x55\
\x4f\xa4\x43\xcb\x16\x00\x92\x66\x07\x1e\x01\xe6\x2d\x61\xb8\x2f\
\x48\x27\x0b\xce\x68\xb5\x3e\xdc\x1d\x24\xcd\x4c\x6a\xcb\xb9\x0f\
\x30\x59\x09\x43\x3e\x02\xac\x5e\x97\x1f\x96\x48\xfe\xa1\x4c\xc5\
\xc5\x37\x67\x92\x7a\xe0\x97\xe1\x19\x52\x0b\xe1\xd7\x72\x04\x97\
\x34\x15\xe9\x67\x7a\xf1\x1c\xf1\x9b\xc8\x99\x66\x56\x56\x5b\xe8\
\x09\x6a\xc9\x02\xa0\xb8\x97\xfb\x1e\xd2\xb1\xb7\xdc\xae\x24\xed\
\xaa\x1d\x58\xc2\x58\x95\x93\xb4\x28\x69\x27\xf1\x9a\x25\x0c\x77\
\x39\x69\x17\x6d\xa5\xdf\xa4\x91\xfc\x43\x55\x8a\xf7\xe5\xa7\x52\
\x4e\xd1\x3d\x98\xd4\x34\xe8\x66\xef\xc0\x92\x2e\x04\xb6\xf7\x8e\
\xdb\x03\x83\x49\x1b\xb1\xa7\x21\xb5\x17\x2e\xe3\xaa\xe6\x71\xd9\
\xc2\xcc\xae\xae\x70\xfc\xd1\x5a\xae\x00\x28\xce\xf9\x5f\x09\x6c\
\x9e\x79\xa8\x97\x49\x5d\x9f\x6e\xcb\x3c\x4e\x2d\x49\xda\x86\x74\
\xe7\xf9\x1c\x99\x87\xfa\x93\x99\xfd\x31\xf3\x18\xe3\x14\xc9\x3f\
\x54\x4d\xd2\xf2\xa4\x57\x02\x65\x1c\xd7\x1d\x05\xfc\x11\x38\xca\
\xab\xf0\x2e\x8a\x98\xb3\x3d\x62\x75\xc3\xa7\xc0\xbf\x8a\x8f\x57\
\x49\x77\x90\xbc\x6b\x66\xc3\x3b\xcd\x47\xc0\x4c\xa4\xdf\x5d\x73\
\x90\xda\x0e\xff\x14\x58\xa2\xa4\x39\x7e\x02\x2c\x69\x66\x6f\x94\
\x34\xde\x38\xb5\x62\x01\x70\x2c\x70\x60\xc6\x21\x46\x02\x47\x01\
\x47\x77\xfe\xa6\x6a\x47\xc5\x6d\x5d\xc7\x03\xbb\x65\x1e\xaa\x9f\
\x99\x5d\x92\x79\x8c\x6f\x89\xe4\x1f\xea\x42\xd2\xac\xa4\xcd\x73\
\xab\x95\x34\xe4\x00\x52\xa7\xce\x86\xf6\xe1\x14\x9b\xb0\x1f\x20\
\xef\x46\xe2\x0f\x49\x0f\x7d\xd7\x92\xfa\xaa\xf4\xea\x14\x91\xa4\
\xf9\x49\xa7\xa0\x36\x07\x56\xf6\x9a\xdc\x38\x3c\x0c\xac\x52\xf5\
\xc9\xb0\x96\x2a\x00\x24\xed\x02\xfc\x2d\xe3\x10\xef\x90\x96\xc8\
\xee\xce\x38\x46\xd3\x29\x76\xf6\xfe\x8d\x7c\x1d\xcd\x86\x01\x6b\
\x9a\xd9\x43\x99\xe2\x7f\x4b\x49\xc9\x7f\x5d\x33\x7b\x2c\x53\xfc\
\xd0\x62\x8a\x96\xb9\xc7\x03\xfb\x96\x34\xe4\xcb\xa4\x7d\x01\x2f\
\xf4\xe6\x3f\x2e\xba\xfc\x3d\x49\xbe\xcb\x8f\x86\x00\x27\x01\x27\
\x78\x1f\xb1\x93\xb4\x06\x70\x02\x79\x2f\x89\xab\xbc\x01\x5a\xcb\
\x14\x00\x92\xd6\x24\x1d\x21\xcb\xf5\x6e\xe7\x36\x60\xbb\xb2\xbb\
\xf6\x35\x0b\x49\xdf\x21\x3d\xa1\x2c\x95\x69\x88\xf7\x81\xe5\xca\
\x58\x36\x8b\xe4\x1f\xea\x4c\xd2\xd6\xa4\x82\xbb\x8c\x53\x39\x43\
\x48\x2d\x6d\x7b\x7c\x74\x2f\xe3\x7b\xff\x11\xc0\x79\xc0\x61\x39\
\x2f\xde\x29\x5e\x15\x6c\x4d\x5a\xf1\x5d\x20\xc3\x10\x46\x3a\x15\
\x50\xda\x83\xcd\x98\x5a\xa2\x00\x28\x36\xa6\x3d\x04\x4c\x9f\x21\
\xfc\x48\xe0\x30\xd2\x92\x7f\x53\x74\xa9\xab\x4a\xb1\x73\xf9\x44\
\x20\xd7\x2e\xd7\xe7\x48\x3f\x30\xd9\x1a\x6a\x44\xf2\x0f\xcd\xa0\
\x38\xe2\x7c\x0d\xf9\xbe\x4f\xc7\x74\x22\x70\x60\x77\x7b\xdb\x17\
\x57\x1f\x3f\x81\xff\x65\x47\xff\x23\xad\x4a\x3c\xe7\x1c\x77\x9c\
\x8a\x16\xf2\x7f\x06\xf6\xce\x10\xfe\x36\x33\x2b\xeb\x66\xc8\x6f\
\x69\xfa\x02\x40\xd2\x74\xa4\x65\xa6\x05\x33\x84\x1f\x46\xda\x85\
\x7e\x5d\x86\xd8\x2d\x4b\xd2\x9e\xa4\x9d\xcb\x13\x65\x08\x7f\xbe\
\x99\xed\x92\x21\x6e\x24\xff\xd0\x54\x8a\xf6\xe6\xfd\x81\x0d\x4b\
\x1a\xf2\x2e\x60\x2b\x33\xfb\x60\x42\x7f\x50\xd2\x6d\xc0\xda\x19\
\xc6\xdf\xa2\xaa\x66\x3a\x92\x7e\x41\x3a\x01\xe5\x7d\x22\x63\xc5\
\xaa\x56\x01\x72\xfc\x82\x2e\xdb\x31\xe4\x49\xfe\x1d\xbf\xac\x23\
\xf9\xf7\x90\x99\x9d\x01\x6c\x03\xe4\xb8\x04\xe3\xe7\x92\xd6\xf7\
\x0e\x1a\xc9\x3f\x34\x1b\x33\xfb\x04\xd8\x98\xb4\x42\x59\xc6\x93\
\xdc\x1a\xc0\x13\x92\x96\x1b\xdf\x1f\x92\xd4\x17\xff\xe4\x7f\x16\
\xe9\xe7\xa7\xb2\x4e\x7a\x66\xf6\x37\xd2\xe5\x69\xde\xaf\x81\xab\
\x3b\xe5\xd4\xcc\x2b\x00\x92\x56\x20\xed\x30\xf5\x2e\x64\x06\x92\
\xda\x36\x3e\xef\x1c\xb7\xad\x48\x5a\x9b\xb4\x33\x77\x1a\xe7\xd0\
\x03\x81\xc5\x8b\x5f\x80\x0d\x8b\xe4\x1f\x9a\x9d\xa4\x0d\x48\x97\
\x8d\xe5\x78\x0d\x3a\xa6\xe1\xc0\xde\x66\x76\xee\x38\xe6\xf2\x30\
\xb0\xbc\xe3\x78\x7f\x30\xb3\x23\x1c\xe3\x35\xa4\xb8\x5b\xe6\x41\
\x60\x4e\xc7\xb0\x2b\x98\xd9\x23\x8e\xf1\xba\xa5\x69\x0b\x80\x62\
\x47\xec\x13\xc0\x0f\x9d\x43\xbf\x44\x3a\x9a\xf5\xa6\x73\xdc\x5e\
\x29\xde\xab\xcf\xce\x37\x67\x56\x3b\x7f\x8c\x04\x06\x8d\xe5\xe3\
\xfd\xaa\x9b\xe7\x74\x28\x8e\x01\xdd\x8c\x7f\x6f\xf3\x7f\x98\xd9\
\xce\x8d\x06\x89\xe4\x1f\x5a\x45\xb1\x11\xf7\x1a\xfc\x7f\x27\x8e\
\xcb\xdf\x80\xbd\xc6\x38\x63\xbf\x24\xf0\x94\xe3\x18\x17\x9b\xd9\
\x76\x8e\xf1\x5c\x48\x5a\x96\x74\xc9\xcf\x14\x4e\x21\x6f\x34\xb3\
\x9f\x38\xc5\xea\xb6\x66\x2e\x00\x0e\x00\x8e\x73\x0e\x3b\x90\xf4\
\x3e\xa6\x92\xe4\x2f\x69\x22\x60\x25\x60\x13\xd2\x12\xda\x3c\xc0\
\x8c\xbd\x08\x35\x82\x74\x64\xf1\x75\xe0\x16\xe0\xfa\x2a\x57\x33\
\x8a\x1f\x96\x3b\xf1\x5f\x09\xd8\xd0\xcc\xfe\xd5\xdb\xff\x38\x92\
\x7f\x68\x35\x45\xcb\xdd\xbf\x91\x5e\xc1\x95\xe1\x31\xd2\xe5\x5d\
\x6f\x15\xe3\x9f\x8d\x5f\x5f\x90\x5a\xb5\x03\x1f\x53\xd1\x0c\xcd\
\xb3\x3f\xc9\x72\x65\xff\xae\x68\xca\x02\xa0\x68\xd8\xf0\x02\x30\
\x95\x63\xd8\xc1\xa4\xc6\x0c\xbd\x3a\xf3\xda\x5b\x45\xdb\xe2\x75\
\x48\x49\x7f\x23\x60\x96\x4c\x43\xbd\x0a\x5c\x5f\x7c\xdc\xdf\xdd\
\xdd\xbc\x5e\x24\xad\x43\xba\x95\xd1\x73\x03\xcd\x20\xd2\xab\x80\
\x1e\x5f\xbc\x54\x42\xf2\xff\x94\xb4\x92\x14\xc9\x3f\x94\x4e\xd2\
\x3e\xa4\x73\xec\x65\x5c\xb9\xfb\x01\xe9\xb8\xdc\xa3\xa4\x9f\x49\
\x8f\xcb\x7e\x06\x02\xcb\x9a\xd9\x3b\x0e\xb1\xb2\x91\x74\x14\x70\
\x88\x53\xb8\x0b\xcc\x6c\x27\xa7\x58\xdd\xd2\xac\x05\xc0\x8d\x80\
\xe7\x46\xb0\x61\xa4\x5f\xd6\xa5\xdc\x8d\x5d\xbc\xbe\xd8\x1a\xd8\
\x0c\xe8\x8b\x6f\x21\xd3\x1d\x1f\x91\x5a\x65\x5e\xd1\xc8\x13\x74\
\x4f\x15\xe7\x97\x2f\xc6\x77\xcf\x46\x7f\x33\xdb\xa1\x87\xf3\x88\
\xe4\x1f\x5a\x9e\xa4\x55\x49\xbd\x39\x66\x2b\x61\xb8\x91\xc0\xed\
\xa4\xdf\x67\x1e\xd6\xcf\x71\x27\x81\xb7\xa2\x57\xc0\x13\xc0\x8f\
\x1c\xc2\xbd\x0f\xcc\x5e\xe6\xeb\xdb\xa6\x2b\x00\x24\xfd\x8c\x74\
\x49\x8c\x97\x91\xa4\x25\xac\xeb\x1d\x63\x8e\x93\xa4\xcd\x48\x27\
\x17\x16\x2e\x63\xbc\x6e\x78\x04\x38\xc0\xcc\xee\x2d\x63\x30\x49\
\x7b\x01\xde\xf7\x8f\xaf\x6d\x66\x77\x74\x73\xfc\x48\xfe\xa1\x6d\
\x48\x9a\x0b\xb8\x0a\x58\xa1\xea\xb9\xf4\xc0\x9d\x66\xb6\x56\xd5\
\x93\xe8\xae\x62\x75\xf3\x56\xa7\x70\xcb\x96\xd9\x1a\xbc\xa9\x8e\
\x01\x16\x67\xfe\x4f\x71\x0e\xfb\xbb\x32\x92\xbf\xa4\x95\x25\x3d\
\x48\xba\xd4\xa3\x2e\xc9\x1f\xd2\x6e\xdd\x7b\x24\xfd\x53\xd2\xf7\
\x73\x0f\x66\x66\xa7\x03\x7f\x75\x0e\x7b\x64\x77\xfe\x50\x24\xff\
\xd0\x6e\x8a\x5b\x4a\x57\xa3\xbc\xcb\x78\x1a\x65\xe4\xbd\xcb\xc5\
\x5d\x71\x21\xdc\xed\x4e\xe1\x36\x70\x8a\xd3\x2d\x4d\x55\x00\x90\
\x9e\x9c\x67\x77\x8c\x77\x33\xfe\x1b\x09\xbb\x90\xb4\xa8\xa4\x6b\
\x81\xfb\x48\xb7\x4e\xd5\xd5\x86\xc0\x33\x92\xce\x2b\x9e\x1a\x72\
\xda\x87\x74\xff\xb8\x97\x15\x8a\x63\x50\xe3\x14\xc9\x3f\xb4\x2b\
\x33\xfb\xca\xcc\xf6\x00\x7e\x4e\x7a\xdd\x59\x67\x57\x36\xe9\xe5\
\x58\x07\xe2\xd3\x8b\xa1\xd4\x02\xa0\x69\x5e\x01\x48\x5a\x04\xf8\
\x0f\x7e\xad\x25\x07\x92\xae\x64\xfc\xd0\x29\x5e\x17\x92\xfa\x90\
\x36\xe1\xec\x42\x39\x1b\x71\x3c\x0d\x05\xfe\x42\xea\xb5\xdd\xab\
\x9b\xb5\x26\x44\xd2\xc2\xc0\xe3\xf8\x6c\x18\x02\x78\xc2\xcc\x96\
\x19\xc7\x58\x91\xfc\x43\x60\xf4\xb1\xdc\xab\x81\xf9\xaa\x9e\xcb\
\x38\x2c\x66\x66\xff\xad\x7a\x12\xbd\x21\xe9\x3a\xd2\x66\xee\x46\
\x8c\x02\x66\xcb\x95\x97\xc6\xd4\x4c\x2b\x00\xbf\xc1\x2f\xf9\x8f\
\x24\xb5\xf8\xcd\x95\xfc\xbf\x43\xba\xee\x71\x37\x9a\x2f\xf9\x03\
\x4c\x49\xda\xd9\x7a\x87\x24\xef\xf3\xfb\x00\x98\xd9\x4b\xf8\x5e\
\x23\xbc\xb4\xa4\x4d\xc7\xfc\x97\x91\xfc\x43\xf8\x86\x99\x3d\x41\
\xba\xe1\xce\x6b\xc9\xda\xd3\xf3\xcd\x9a\xfc\x0b\x57\x3a\xc4\x98\
\x08\xbf\x8d\x94\xdd\x1a\xac\xf6\x8a\x6b\x25\x77\x74\x0c\x79\x98\
\x99\xdd\xe7\x18\x6f\xb4\xe2\x56\xc2\x47\x81\xef\xe5\x88\x5f\xb2\
\x55\x80\xc7\x8a\x8b\x47\xdc\x99\xd9\xa5\xa4\x5b\xbd\xbc\x1c\x5e\
\xec\xca\x05\x22\xf9\x87\x30\x36\x66\xf6\x11\xb0\x1e\x99\x5f\x7f\
\xf6\x42\xb3\xb7\x5d\xff\x17\xe0\xb1\x62\xba\x8e\x43\x8c\x6e\x69\
\x8a\x02\x00\xf8\x25\x7e\x47\xe5\xfe\x4d\xa6\x6f\xfc\xe2\x12\x9c\
\x5b\xe8\x5d\xf3\x9e\xba\x9a\x1f\x78\x50\xd2\xc6\x99\xe2\xef\x8f\
\x5f\x6f\xed\x1f\x02\x5b\x42\x24\xff\x10\xc6\xc7\xcc\x46\x16\x77\
\xd1\x6f\x0e\x64\xbb\x5d\xb3\x87\x9a\xba\x00\x28\x5a\x93\xdf\xe3\
\x10\xaa\xb4\xd7\x33\xb5\x2f\x00\x8a\x33\xf3\x7b\x39\x86\xdc\xd3\
\xfb\xbd\xb6\xa4\x49\x8b\x0e\x58\xa7\xd3\x9c\x4b\xfe\x13\x32\x0d\
\x70\x9d\xa4\x83\xbd\x03\x17\x4d\x7c\x0e\x70\x0c\x79\x98\xa4\x79\
\x89\xe4\x1f\xc2\x04\x99\xd9\x35\xa4\x93\x40\x55\x2f\xbd\xbf\x55\
\xbc\x9e\x68\x76\x1e\x45\xcc\x1c\x0e\x31\xba\xa5\xf6\x05\x00\xa9\
\x59\xce\x3c\x4e\xb1\x2e\x32\xb3\xbb\x9d\x62\x01\x20\x69\x26\xe0\
\x36\x7c\xdf\x67\xd7\x91\x80\xa3\x25\x5d\x5c\xdc\x4f\xe0\xe9\x42\
\xd2\x29\x09\x0f\x8b\x01\xcf\x92\x37\xf9\x47\x7b\xdf\xd0\x32\xcc\
\xec\x3f\xc0\x72\xa4\x8b\xbb\xaa\xe2\xf1\xe4\x5c\x07\x77\x3b\xc4\
\xf0\x3c\xe9\x36\x5e\xcd\x50\x00\xec\xe3\x14\xe7\x53\x60\x3f\xa7\
\x58\x00\x48\x9a\x8c\x54\xf1\xad\xe6\x19\xb7\xe6\xb6\x05\xc6\x7a\
\x0b\x58\x6f\x15\x9d\xaf\x7e\x45\xba\xc3\xc0\xc3\x74\x4e\x71\xc6\
\xd4\x91\xfc\x1f\xcd\x14\x3f\x84\x4a\x98\xd9\xe7\xa4\xd7\x01\x87\
\x90\x76\xa2\x97\xed\xed\x0a\xc6\xcc\xc1\xe3\xef\x31\x5d\xd1\x22\
\x3e\xbb\x5a\x17\x00\xc5\xbd\xd3\x5e\x67\xe7\x0f\x33\xb3\xf7\x9c\
\x62\x75\x38\x13\x58\xd9\x39\x66\x33\xd8\xbe\xb8\x8c\xc9\x4d\x71\
\x59\xd1\x19\x9e\x31\x9d\x45\xf2\x0f\x2d\xcd\x92\x63\x48\x1b\x04\
\x3f\x2a\x79\xf8\x81\x25\x8f\x97\x85\x99\x7d\x0a\x0c\x71\x08\x55\
\xca\x2a\x40\xad\x0b\x00\xfc\x9e\xfe\xdf\xc3\xb9\x13\x96\xa4\x5f\
\x93\xce\xf8\xb7\xab\x63\x24\x6d\xe8\x1c\xf3\x38\xd2\x5d\xe3\x75\
\x13\xc9\x3f\xb4\x8d\xa2\xb3\xdd\xd2\xc0\x93\x25\x0e\x3b\xa8\xc4\
\xb1\x72\xf3\xf8\xbb\xb4\x77\x01\x50\x74\xa3\xdb\xc2\x29\xdc\x49\
\x9e\x57\x4a\x4a\x5a\x1b\x38\xc9\x2b\x5e\x93\x9a\x08\xb8\xc4\xb3\
\x7d\x70\x71\xf3\xd7\xf9\x5e\xf1\x9c\x44\xf2\x0f\x6d\xc7\xcc\xde\
\x20\x5d\x4d\x7e\x41\x49\x43\xb6\xc4\x0a\x40\xc1\xe3\xef\x52\x4a\
\x01\x50\xe7\x1d\xeb\xbb\x03\x93\x3a\xc4\x19\x0c\x9c\xe5\x10\x07\
\x00\x49\xdf\x25\xdd\xb0\x35\xb1\x57\xcc\x6e\x18\x0a\xbc\x0e\xbc\
\x33\xc6\xc7\xc4\xa4\x1d\xa3\x9d\x3f\x16\xc0\xe7\xf3\xd6\x1d\x7d\
\x80\x01\x92\x96\x2b\xce\x16\x7b\x38\x9e\x74\xec\xb3\x0e\xdf\x9b\
\x91\xfc\x43\xdb\x2a\x1e\x9a\x76\x92\xf4\x28\x70\x32\x79\x7f\xaf\
\x7c\x90\x31\x76\xd9\x3c\xfe\x2e\x59\x1a\xb0\x8d\xa9\x0e\xbf\x64\
\xc7\xc5\xeb\xdc\xf9\x69\xc5\x06\x97\x86\x49\x9a\x16\xf8\x27\x30\
\x83\x47\xbc\x09\xf8\x00\xb8\x81\xb4\xc9\xf0\x36\x33\x1b\xda\x9d\
\xff\xa8\x98\xe3\x06\xc0\xa6\xa4\x2b\x93\xa7\xcd\x36\xc3\x64\x41\
\xe0\x2a\x49\xeb\x7a\x1c\xaf\x34\xb3\xd7\x25\x5d\x02\xf4\xe8\x8a\
\xdf\x0c\x22\xf9\x87\x00\x98\xd9\x99\x92\x9e\x22\xdd\x2a\x38\x67\
\xa6\x61\xaa\xd8\x78\x98\x8b\xc7\xdf\xa5\x94\x07\xcc\x5a\xbe\x02\
\x90\x34\x1b\xe0\xd1\x7d\x6e\x08\xbe\xb7\x07\x9e\x0c\x2c\xea\x18\
\x6f\x6c\xae\x00\x56\x25\xdd\x0b\xfd\x73\x33\x1b\xd0\xdd\xe4\x0f\
\x60\x66\x9f\x99\xd9\x65\x66\xb6\x35\x30\x0b\x69\x43\x4f\xee\xb6\
\x9f\xab\x03\x9e\x3d\x02\x8e\xc1\xe7\x62\x8d\xde\x8a\xe4\x1f\x42\
\x27\x66\xf6\x10\x69\x5f\x40\x96\x0e\xaa\xa1\x1a\xb5\x2c\x00\x80\
\xb5\xf0\xe9\xfb\x7f\xb5\x99\x7d\xec\x10\x87\xa2\x1d\xae\x67\x3b\
\xe2\x31\xdd\x0b\x2c\x6f\x66\x5b\x99\xd9\x7d\x66\xd6\x70\x15\x59\
\xdc\x02\x76\x8b\x99\xad\x43\x2a\x04\x3c\x6f\xe0\x1b\xd3\xfe\x92\
\x66\xf5\x08\x54\xf4\x03\xbf\xdf\x23\x56\x2f\x44\xf2\x0f\x61\x2c\
\xcc\xec\x5d\x60\x4d\xe0\xd4\xaa\xe7\x12\x7c\xd4\xb5\x00\xf0\xea\
\x85\xec\xb9\x81\xe5\x58\xf2\x7c\xbe\x5e\x02\x36\x36\xb3\xd5\x72\
\x26\x1d\x33\xbb\x05\x58\x0a\xd8\x89\xb4\x7f\xc0\xdb\x34\xc0\xef\
\x1d\xe3\xf5\x77\x8c\xd5\x5d\x91\xfc\x43\x18\x0f\x33\x1b\x61\x66\
\xbf\x01\xb6\x03\xbe\xac\x7a\x3e\xa1\x31\x75\x2d\x00\xd6\x76\x88\
\xf1\x16\xa9\x1d\x6c\xc3\x24\xad\x4e\x9e\x7b\x9a\x6f\x00\x96\x31\
\xb3\x7f\x66\x88\xfd\x2d\x66\x36\xca\xcc\x2e\x20\x15\x02\x8f\x64\
\x18\x62\x37\x49\x0b\x3a\xc5\xba\x82\x72\x8f\x04\x46\xf2\x0f\xa1\
\x9b\xcc\xec\x62\x52\x8f\x96\x57\xab\x9e\x4b\xe8\xbd\xda\x15\x00\
\x92\x16\x05\xe6\x76\x08\xd5\xbf\xe8\x30\xd7\xe8\x7c\x44\xda\x99\
\xee\xed\x78\x60\x13\xaf\x0d\x8a\x3d\x51\x2c\xe5\xad\x0e\x5c\xe4\
\x1c\x7a\x52\xe0\x28\x8f\x40\x45\x43\x8d\x01\x1e\xb1\xba\x21\x92\
\x7f\x08\x3d\x64\x66\xcf\x02\xcb\x10\x2b\x01\x4d\xab\x76\x05\x00\
\x3e\x4f\xff\x90\xfa\xcb\x7b\xd8\x12\x58\xd6\x29\x16\xa4\xa7\xda\
\x1d\xcc\xec\x40\x8f\xf7\xfc\xbd\x65\x66\xc3\xcc\x6c\x7b\xe0\x20\
\x7c\x37\xdc\x6d\x25\x69\x29\xa7\x58\x65\xbc\x06\x88\xe4\x1f\x42\
\x2f\x15\x97\x79\xb9\x5e\xae\x16\xca\x53\xc7\x02\xc0\xe3\xfd\xff\
\x33\x66\xf6\x62\xa3\x41\x24\x4d\x0a\x1c\xed\x30\x9f\xce\x7e\x6e\
\x66\x55\xbc\xdf\x1e\x2b\x33\x3b\x0e\xf8\x9d\x63\x48\xe1\x77\xdd\
\xf2\xcd\xe4\xbd\xaa\x34\x92\x7f\x08\xa1\x6d\xd5\xaa\x00\x28\xae\
\xfe\x5d\xdd\x21\xd4\x1d\x0e\x31\x00\xb6\x07\xbe\xe3\x14\x0b\xe0\
\x18\x33\xbb\xc4\x31\x9e\x0b\x33\x3b\x1a\xb8\xd4\x31\xe4\xda\x92\
\x56\x6c\x34\x48\xd1\x57\xe0\x5e\x87\xf9\x8c\x4d\x24\xff\x10\x42\
\x5b\xab\x55\x01\x40\xba\x92\xd2\xa3\x71\x8d\xcb\xe6\x3f\xd2\xf2\
\xbf\x97\x01\xc0\xa1\x8e\xf1\xbc\xfd\x1c\xf0\xbc\xe2\xd6\xeb\x73\
\x97\xa3\x87\x41\x24\xff\x10\x42\xdb\xab\x5b\x01\xb0\x96\x43\x8c\
\x91\x38\x3c\x35\x16\x1d\xf5\xd6\x6c\x7c\x3a\x00\xfc\x07\xe8\xe7\
\xb1\x29\x31\x97\xa2\xed\xe7\xa6\xa4\x8b\x93\x3c\x6c\xea\x14\xc7\
\x6b\x35\xa7\x43\x24\xff\x10\x42\xa0\x7e\x05\x80\x47\x97\xbd\xc7\
\xcd\xec\x33\x87\x38\xeb\x03\x93\x39\xc4\x01\xd8\xc7\xcc\xbe\x70\
\x8a\x95\x8d\x99\x0d\x02\xfe\xe0\x14\x6e\x7e\x49\x4b\x38\xc4\x79\
\x1e\x78\xdf\x21\x0e\xa4\xe4\xdf\x37\x92\x7f\x08\x21\xd4\xaf\x00\
\xf0\x38\xfe\x77\xa7\x43\x0c\xf0\x7b\x82\xbd\xcd\xcc\x6e\x75\x8a\
\x55\x86\xf3\x48\x2b\x16\x1e\x1a\xfe\x1c\x16\xab\x26\x1e\x5f\xd3\
\xcf\x48\xc9\x3f\x47\xff\x83\x10\x42\x68\x3a\x75\x2b\x00\xe6\x71\
\x88\xf1\x44\xa3\x01\x24\x4d\x86\x4f\xe3\x1f\x03\x0e\x70\x88\x53\
\x1a\x33\x1b\x49\x3a\x1a\xe8\xc1\xab\x88\x7a\xdc\x21\xc6\x13\x91\
\xfc\x43\x08\xe1\x1b\xb5\x29\x00\x8a\x86\x3b\x73\x39\x84\x6a\xf8\
\xf8\x1f\xb0\x06\x3e\x9b\x11\x2f\x32\xb3\xa7\x1d\xe2\x94\xca\xcc\
\x06\xe0\x73\xe9\xc7\x92\x92\xe6\x73\x88\xf3\xb2\x43\x8c\x5c\xb7\
\x98\x85\x10\x42\x53\xaa\x4d\x01\x00\xcc\x4a\xe3\xef\xdc\x47\xe1\
\x93\x2c\xbc\x9e\x5c\x4f\x76\x8a\x53\x05\xaf\x5b\x14\x3d\x3e\x97\
\x2f\x39\xc4\xf0\x28\x2e\x43\x08\xa1\x65\xd4\xa9\x00\xf0\x78\xff\
\xff\x86\x99\x79\xf4\x8f\x5f\xd7\x21\xc6\x5b\x66\xf6\xa4\x43\x9c\
\xaa\xdc\x82\x4f\x2f\x7e\x8f\xcf\xe5\xab\xa4\xd3\x1d\x8d\x98\x46\
\x52\x1f\x87\xb9\x84\x10\x42\x4b\xa8\x53\x01\xe0\xf1\xfe\xff\xbf\
\x8d\x06\x28\x5e\x45\x78\xcc\xe5\x7a\x87\x18\x95\x29\x4e\x2d\x78\
\xf4\x53\x68\xf8\x15\x80\x99\x7d\x05\xbc\xe1\x30\x97\x58\x05\x08\
\x21\x84\x42\x9d\x0a\x00\x8f\x15\x00\x8f\xf7\xff\x33\x91\x2e\xb5\
\x69\xd4\x75\x0e\x31\xaa\xe6\x51\xc4\x78\xbd\x7b\xf7\x78\x0d\x10\
\xfb\x00\x42\x08\xa1\xd0\x6a\x05\x80\x47\x13\x9b\x39\x1c\x62\x7c\
\x02\xdc\xe3\x10\xa7\x6a\x1e\xd7\x14\xcf\x20\x69\x4a\x87\x38\x1e\
\x5f\xdb\x58\x01\x08\x21\x84\x42\x9d\x0a\x00\x8f\x65\x77\x8f\x8b\
\x63\x3c\x0a\x80\xff\x9a\xd9\x08\x87\x38\x95\x32\xb3\x81\xc0\x60\
\x87\x50\x1e\x9f\x53\x8f\xaf\x6d\xac\x00\x84\x10\x42\xa1\x4e\x05\
\x80\xc7\x0a\x80\x47\x07\x40\x8f\x24\xf1\x8e\x43\x8c\xba\x18\xe4\
\x10\xc3\xe3\x73\xea\xf1\xb5\x8d\x15\x80\x10\x42\x28\xd4\xa9\x00\
\x98\xca\x21\x46\x5d\x56\x00\xde\x75\x88\x51\x17\x03\x1d\x62\x78\
\x14\x00\x1e\x5f\xdb\xd9\x1d\x62\x84\x10\x42\x4b\xa8\x53\x01\x30\
\xcc\x21\x46\x5d\x0a\x80\x58\x01\xe8\xaa\x2e\x05\x40\x08\x21\x84\
\x42\x9d\x0a\x80\xa1\x0e\x31\xa2\x00\xf0\xd7\x4a\x05\x80\x47\x5f\
\x83\x10\x42\x68\x09\x93\x54\x3d\x81\x4e\x3c\x0a\x80\x10\xc6\x27\
\x0a\x80\x10\xea\xe9\xb5\xd4\x82\x25\x94\xa9\x4e\x2b\x00\x1e\xaf\
\x00\x3c\x3a\xbd\x79\x3c\xbd\x7b\xac\x22\xd4\x85\xc7\xd3\xbb\xc7\
\x2a\x82\xc7\xd7\xf6\x2b\x87\x18\x21\x84\xd0\x12\xea\x54\x00\x78\
\xac\x00\x44\x01\xe0\xaf\x95\x0a\x80\x58\x01\x08\x21\x84\x42\x9d\
\x0a\x80\x56\x5a\x01\x68\xa5\xdd\xe6\x1e\x47\xe7\xa2\x00\x08\xa1\
\x05\x49\x9a\x1b\x9f\xce\xa9\xa1\xab\x05\x54\xc2\x3b\x91\x3a\x15\
\x00\x1e\x2b\x00\x1e\x57\xf8\x7a\x24\xab\x58\x01\xe8\xca\xe3\x73\
\xea\xf1\xb5\x8d\x02\x20\x04\x07\x92\x66\x92\xf4\x67\xd2\xed\xab\
\x1e\x47\xb8\x43\x57\x07\x00\x8f\x49\xea\x9b\x73\x90\x56\x2b\x00\
\xea\xb2\x02\xb0\xa8\xa4\x3a\x6d\xb0\xec\x15\x49\x73\x01\x33\x38\
\x84\xf2\xf8\x9c\xc6\x1e\x80\x10\x2a\x26\x69\x1a\x49\x7f\x20\xdd\
\xd0\xf9\x5b\x60\x8a\x8a\xa7\xd4\xca\x96\x06\x6e\x96\x74\xaf\xa4\
\x95\x73\x0c\x50\xa7\x02\xc0\xe3\x15\xc0\x6c\x0e\x31\x3c\x92\xd5\
\xf4\xc0\x6a\x0e\x71\xaa\xb6\x91\x43\x8c\xc1\x66\xe6\x51\xdc\x79\
\x7c\x6d\x63\x05\x20\x84\x5e\x92\xb4\x07\x29\xf1\x1f\x8e\xcf\x8a\
\x5c\xe8\x9e\x55\x80\xfb\x24\xdd\x28\x69\x41\xcf\xc0\x75\x2a\x00\
\x3c\x92\xc4\x22\x0e\x31\x3e\x02\xbe\x76\x88\xb3\xa9\x43\x8c\xaa\
\x6d\xe2\x10\xc3\x63\xf9\x1f\x7c\xbe\xb6\x1f\x3b\xc4\x08\xa1\xad\
\x14\xcb\xfd\x03\x80\x33\x81\x59\xaa\x9e\x4f\x1b\x5b\x1f\x78\x4a\
\xd2\x56\x5e\x01\xeb\x54\x00\xbc\xef\x10\x63\xd1\x46\x03\x98\x99\
\x01\x6f\x39\xcc\xc5\x23\x79\x56\x46\xd2\x34\xc0\x1a\x0e\xa1\xde\
\x74\x98\xcb\x14\xc0\x7c\x0e\x73\xf1\xb8\x2e\x3a\x84\xb6\x21\x69\
\x55\xe0\x69\x7c\x56\x03\x43\xe3\xa6\x05\x2e\x93\x74\xae\xc7\x2d\
\xab\x75\x2a\x00\x9e\x75\x88\x31\x9f\xa4\xc9\x1d\xe2\xdc\xea\x10\
\x63\x1e\x49\x4b\x39\xc4\xa9\x4a\x5f\xa0\x2e\x9f\xcb\x85\xf0\xf9\
\x5e\xfd\xaf\x43\x8c\x10\x5a\x9e\xa4\x89\x8a\x77\xfd\x77\xe2\x73\
\x51\x5b\xf0\xf5\x0b\xd2\x26\xc1\xef\x37\x12\xa4\x4e\x05\xc0\xbf\
\x81\x46\xaf\xd0\x9d\x88\x94\x2c\x1a\x75\x9d\x43\x0c\x80\x7d\x9c\
\xe2\x54\xe1\x37\x4e\x71\xae\x77\x88\xe1\xb1\xfc\xff\xa1\x99\x7d\
\xe4\x10\x27\x84\x96\x56\xac\xb8\xdd\x40\x7a\xd7\x3f\x71\xc5\xd3\
\x09\xe3\xf6\x7d\x52\x11\xb0\x7e\x6f\x03\xd4\xa6\x00\x30\xb3\xe1\
\xf8\x3c\xa1\x79\x24\x8b\xbb\xf0\xb9\x7e\x76\x3b\x49\x4b\x3a\xc4\
\x29\x95\xa4\x8d\x49\x1b\x4f\x1a\xf5\x9c\x99\xbd\xe6\x10\xc7\xe3\
\x6b\x1a\x4f\xff\x21\x4c\x80\xa4\xa9\x48\xc9\xbf\xd7\x49\x25\x94\
\x6a\x4a\xe0\xba\xe2\x77\x76\x8f\xd5\xa6\x00\x28\x3c\xe3\x10\x63\
\xe9\x46\x03\x98\xd9\x57\xc0\x8d\x0e\x73\x11\x70\xbc\x43\x9c\xd2\
\x48\x9a\x18\x38\xd6\x29\x9c\xc7\xd3\x3f\x38\x7c\x4d\x89\x02\x20\
\x84\xf1\x2a\xf6\xfd\xdc\x08\xac\x55\xf5\x5c\x42\x8f\x4c\x06\x5c\
\x25\x69\xb3\x9e\xfe\x87\xad\x58\x00\xac\xe9\x10\x03\xfc\x5e\x03\
\xac\x23\x69\x5d\xa7\x58\x65\xd8\x05\x58\xcc\x29\x56\xc3\x05\x80\
\xa4\x89\x80\xd5\x1b\x9f\x4a\x14\x00\x21\x8c\x8b\xa4\x3e\xc0\xcd\
\xb4\xc6\xf1\xe5\x76\x34\x29\x70\x79\x4f\x4f\x08\xd4\xad\x00\xf0\
\xd8\x08\xb8\x8c\x24\x8f\x33\xaa\x37\xe1\xd7\x38\xe6\xe4\xa2\xba\
\xae\x35\x49\x73\x02\x7f\x72\x0a\x37\x10\x78\xc2\x21\xce\x92\xf8\
\x34\x23\x8a\x02\x20\x84\xb1\x28\xde\xf9\xdf\x0a\xac\x54\xf5\x5c\
\x42\x43\x26\x01\x2e\xee\xc9\x4a\x40\xdd\x0a\x00\x8f\x15\x80\x89\
\x81\x55\x1b\x0d\x62\x66\x9f\x91\x76\xc0\x7a\x58\x8c\xf4\x85\xa9\
\xed\x7d\x97\xc5\x2f\x81\xeb\xf0\x69\xb8\x03\x30\xa0\x38\x52\xd9\
\x28\xaf\x15\x9d\x28\x00\x42\x18\xbb\x53\x81\x15\xaa\x9e\x44\x70\
\x31\x31\xf0\x0f\x49\xdd\xda\x0c\x5f\xab\x02\xc0\xcc\xde\xc5\xa7\
\x1f\x80\xc7\xf9\x75\x80\x2b\x9d\xe2\x00\x6c\x0c\x1c\xe5\x18\xcf\
\xdb\xf9\xc0\xb2\x8e\xf1\xae\x72\x8a\xe3\xf1\xb5\xfc\x12\x78\xdd\
\x21\x4e\x08\x2d\x45\xd2\xf6\xc0\x2f\xab\x9e\x47\x70\xd5\x07\xb8\
\xb2\x78\xa8\x1b\x2f\xf9\x3c\xa4\xf9\x91\x74\x2b\xb0\x4e\x83\x61\
\x9e\x31\xb3\x86\x77\xdf\x4b\x9a\x14\xf8\x0f\xf0\x9d\x46\x63\x75\
\xd2\xcf\xcc\x2e\x71\x8c\xd7\x30\x49\x87\xe0\x5b\x9c\xdc\x6b\x66\
\x0d\xbf\x4b\x2c\x3e\xff\x1f\x03\x8d\xbe\x3e\xb9\xc9\xcc\x36\x68\
\x74\x3e\x21\xb4\x92\xe2\x0c\xf9\xa3\x94\x77\x99\xcf\x08\xe0\x5e\
\xe0\x71\x52\x87\xd0\x41\xa4\x57\x85\x83\x80\x4f\x4a\x9a\x43\x19\
\x26\x25\x5d\x08\x37\x27\xe9\x36\xd5\x39\x81\x05\x80\xf5\x28\xf7\
\xa2\xb8\x73\xcd\x6c\xd7\xf1\xfd\x81\x3a\x5e\x58\xf3\x0c\x8d\x17\
\x00\x4b\x48\x5a\xc4\xcc\x1a\xea\xfc\x66\x66\x5f\x17\xc9\xf1\xf2\
\x06\xe7\xd3\xd9\xf9\x92\x26\x36\xb3\xfe\x8e\x31\x7b\x4d\xd2\x81\
\xc0\x91\xce\x61\x0f\x70\x8a\xb3\x1e\x8d\x27\x7f\x48\xfb\x39\x42\
\x08\x85\x62\x4f\xd2\x55\xe4\x4f\xfe\x43\x48\x9b\x0b\xaf\x03\xfe\
\x65\x66\x83\x33\x8f\x57\x17\x1f\x30\xc6\x9e\xb6\xe2\x15\xf0\x72\
\xa4\x36\xf1\x9b\xe2\xd0\xb9\x76\x02\x7e\x29\xe9\x5e\x33\xbb\x68\
\x5c\x7f\xa0\x56\xaf\x00\x0a\xf7\x38\xc5\xd9\xc1\x29\xce\x95\xc0\
\x63\x4e\xb1\x20\x75\xd7\xbb\x50\xd2\x71\xc5\x0e\xf7\x4a\x48\x9a\
\x42\x52\x7f\xd2\x91\x3f\xcf\xbd\x09\x57\x99\xd9\x23\x4e\xb1\xb6\
\x77\x8a\x13\x05\x40\x08\x5d\xfd\x85\xbc\x09\xe8\x63\xd2\x6d\x81\
\xb3\x98\xd9\x16\x66\x76\x51\x1b\x25\xff\xb1\xb2\xe4\x11\x33\x3b\
\xd8\xcc\x16\x23\xbd\x72\xbd\x23\xf3\xb0\x67\x4b\x1a\x67\x1b\xf5\
\x3a\xbe\x02\x98\x0c\x78\x8f\x74\xa3\x5e\x23\xde\x02\xe6\xf3\xd8\
\x88\x26\x69\x75\x52\x73\x20\x6f\x37\x00\xdb\x9a\xd9\xe7\x19\x62\
\x8f\x93\xa4\xd9\x49\x15\xf9\xf2\xce\xa1\x47\x00\xdf\x33\xb3\x97\
\x1b\x0d\x24\x69\x3a\xd2\xf7\x41\xa3\xed\x88\x5f\x31\x33\x8f\xee\
\x90\x21\xb4\x04\x49\x4b\x00\x4f\x92\xe7\x01\x70\x28\x70\x32\x70\
\x9c\x99\x7d\x9a\x21\x7e\xcb\x29\x8e\x89\x1f\x0b\xfc\x28\xd3\x10\
\x97\x99\xd9\x36\x63\xfb\x7f\xd4\x6e\x05\xa0\x68\xc2\xe3\xd1\x40\
\x66\x1e\x9c\x36\x03\x9a\xd9\xdd\xf8\x34\x06\x1a\xd3\x86\xc0\xe3\
\x92\x4a\xb9\x68\xa3\xe8\xef\xbd\x23\xe9\x87\xdf\x3b\xf9\x03\x9c\
\xe3\x91\xfc\x0b\x3f\xc3\xe7\x2e\x82\x78\xfa\x0f\xa1\xab\x13\xc9\
\xf3\xbb\x7f\x00\xf0\x5d\x33\x3b\x24\x92\x7f\xf7\x99\xd9\xad\xa4\
\x66\x67\x3b\x02\x5f\x64\x18\x62\x6b\x49\x63\x3d\xe5\x51\xbb\x02\
\xa0\xe0\xf5\xce\x7d\x47\xa7\x38\x00\x07\x01\xa3\x1c\xe3\x75\x58\
\x18\x18\x20\xe9\x1e\x49\xcb\x65\x88\x0f\x80\xa4\xbe\xa4\xc4\xff\
\x0f\xf2\x6c\x44\xf9\x02\xbf\x1e\x02\xe0\xb7\xfc\x7f\xb3\x53\x9c\
\x10\x9a\x9e\xa4\x9f\x90\xa7\xd3\xdf\xd1\xc0\xa6\x66\xe6\x75\xfd\
\x77\x5b\x29\x5e\x0f\x5c\x48\xea\xc5\xf0\x46\x86\x21\xfe\x32\xb6\
\x7f\x59\xbb\x57\x00\x30\x7a\xf7\xf7\x7b\x34\xde\x00\x66\x08\x30\
\xaf\x99\xb9\xdc\x03\x2f\xe9\x7c\x60\x67\x8f\x58\xe3\x71\x05\x70\
\x3a\xf0\x80\x99\x35\x54\x70\x14\xaf\x53\xd6\x00\xf6\x03\xd6\x76\
\x98\xdb\xf8\xfc\xd1\xcc\x5c\x0a\x00\x49\x8b\x01\x2f\xd0\xf8\xde\
\x84\x61\xc0\x8c\x66\x36\xb4\xf1\x59\x85\xd0\xdc\x24\x4d\x42\xda\
\x98\xe6\xd5\xe9\x13\xd2\xcf\xd8\xcf\xcd\xec\x52\xc7\x98\x6d\x4d\
\xd2\x2c\xc0\x35\xc0\xca\xce\xa1\xb7\x31\xb3\xcb\x3a\xff\x91\x6d\
\x3a\x9e\x00\x00\x13\xa5\x49\x44\x41\x54\x8b\x5a\xae\x00\x98\xd9\
\xd7\xc0\xb5\x0e\xa1\xa6\xc6\xef\x56\x3b\x48\xb7\xfb\xe5\x6e\x28\
\xf3\x33\xd2\x51\x99\x77\x25\x9d\x2f\x69\xe3\x9e\xdc\xfb\x2c\x69\
\x5a\x49\x5b\x4b\xba\x8c\xb4\x13\xf5\x66\xf2\x27\xff\xbb\x81\x63\
\x1c\xe3\x1d\x82\xcf\xc6\xc4\x7b\x22\xf9\x87\x30\x9a\x67\x9b\x6f\
\x48\x47\xf7\x56\x8d\xe4\xef\xcb\xcc\x3e\x20\xad\xd2\x78\x7f\x5e\
\x8f\x2d\x1e\xae\x47\xab\xe5\x0a\x00\x8c\xde\x18\x71\x8b\x43\xa8\
\xc1\xa4\xcd\x80\x2e\x1b\xed\x24\x7d\x97\x74\x76\xd6\xa3\x3d\x6d\
\x77\x0d\x25\x35\xb2\x79\x67\x8c\x8f\x89\x49\xcb\xf9\x9d\x3f\x16\
\x20\x9d\x43\x2d\xcb\xab\xc0\x72\x5e\x57\xed\x4a\xfa\x0e\xf0\x22\
\x3e\xd7\x90\xfe\xc6\xcc\x4e\x75\x88\x13\x42\xd3\x93\xf4\x1c\xb0\
\xb8\x53\xb8\x91\xc0\xfa\x66\x76\x9b\x53\xbc\x30\x86\x62\x05\xf7\
\x0e\x7c\x57\x02\x36\x37\xb3\x6b\x46\x8f\x51\xe3\x02\x60\x12\xe0\
\x5d\x60\x26\x87\x70\x07\x9a\x99\xdb\xad\x7c\x92\xd6\x26\x3d\x59\
\xb7\xfb\x5d\xd9\x9f\x03\x3f\x36\xb3\x17\xbc\x02\x4a\x3a\x17\xf8\
\x85\x43\xa8\x61\xc0\xdc\x5e\x85\x49\x08\xcd\x4c\xd2\xf2\xc0\xc3\
\x8e\x21\xa3\xb8\x2e\x41\xf1\x3a\xe0\x31\x60\x9c\x47\xf9\x7a\xe8\
\x5f\x66\xb6\x61\xc7\xff\x51\xcb\x57\x00\x00\x66\x36\x82\xf4\x1e\
\xc4\xc3\xff\x75\xa7\x2d\x62\x77\x99\xd9\xed\xc0\xff\x79\xc5\x6b\
\x52\xa3\x48\x47\x18\x3d\x93\xff\x3c\xf8\x6d\xdc\xbc\x38\x92\x7f\
\x08\xa3\xed\xe2\x18\xeb\xdc\x48\xfe\xe5\x28\x5e\x07\x6c\x8c\xdf\
\xe9\x80\xf5\x8a\x4b\xdf\x80\x1a\x17\x00\x05\xaf\xd3\x00\xb3\x01\
\xbb\x3b\xc5\x02\xa0\xf8\x01\x38\xcf\x33\x66\x93\x39\xd8\xcc\x6e\
\x70\x8e\x79\x28\x7e\xaf\x2f\x4e\x73\x8a\x13\x42\x53\x93\x34\x35\
\xb0\xb5\x53\xb8\x67\x80\x3d\x9d\x62\x85\x6e\x30\xb3\x67\xf1\xfb\
\x9c\x4f\x4c\xa7\x26\x79\xb5\x7d\x05\x00\x20\x69\x62\xe0\x6d\x60\
\x76\x87\x70\x9f\x02\x8b\x98\xd9\x7b\x0e\xb1\x80\x6c\xef\x68\x9a\
\x41\x7f\x33\xf3\xea\xb4\x08\x80\xa4\x65\x80\x47\xf0\x29\x4a\x5d\
\xee\x22\x08\xa1\x15\x48\xda\x99\x74\xd9\x97\x87\xbe\xc5\xb9\xf5\
\x50\xa2\xa2\x8d\xf0\x13\xf8\x34\x0b\x7a\xc9\xcc\x16\x81\x9a\xaf\
\x00\x98\xd9\x48\xc0\xeb\xdd\xfd\x74\xc0\x9f\x9d\x62\x01\xa3\x9b\
\x16\x6d\x8a\x5f\xfb\xe2\x66\x70\x09\xce\xb7\x87\x15\x2d\x91\xcf\
\xc2\xef\xfb\x31\x9e\xfe\x43\xf8\x46\x3f\xa7\x38\xb7\x45\xf2\xaf\
\x46\xd1\xd1\xf6\x20\xa7\x70\x0b\x17\x0f\x5c\xf5\x2e\x00\x0a\x67\
\x91\x6e\x8b\xf2\xb0\x5d\xd1\xd6\xd7\x4d\xf1\x9e\x79\x1d\xe0\xaf\
\x9e\x71\x6b\xc8\x80\x43\xcc\xac\x9f\x99\x0d\x77\x8e\xbd\x3b\xb0\
\x8c\x53\xac\xb7\xf0\x39\x42\x1a\x42\xd3\x2b\x56\x51\xc7\xda\x05\
\xae\x87\x46\xe1\x77\xc9\x57\xe8\x85\xa2\xf8\xf2\xba\x3b\x60\x65\
\x68\x82\x02\xc0\xcc\x86\xe1\x7b\xc6\xfc\x8c\x31\xcf\x42\x36\xca\
\xcc\xbe\x36\xb3\xdd\x81\xbd\x48\xfd\xf0\x5b\xcd\x17\xa4\x2e\x5f\
\x9e\x5f\x07\x00\x24\xcd\x86\xef\x55\xc4\x67\x16\x2b\x47\x21\x04\
\xf8\x21\xa9\x1f\x4a\xa3\x2e\x33\xb3\xa7\x1d\xe2\x84\xc6\x78\xad\
\x02\xfc\x18\x9a\xa0\x00\x28\x9c\x43\x7a\xb2\xf3\xf0\x3d\xe0\x40\
\xa7\x58\x5d\x98\xd9\x19\x40\x5f\xd2\x4d\x58\xad\xe2\x75\x60\x45\
\x33\x1b\x90\x29\xfe\x69\x34\x7e\xf1\x53\x87\x61\xc0\xb9\x4e\xb1\
\x42\x68\x05\x3f\x76\x8a\x53\x8b\xeb\xcb\xdb\x9d\x99\x3d\x8e\x4f\
\x33\xba\x1f\x43\xcd\x37\x01\x76\x26\x69\x57\xfc\x96\xd9\x47\x02\
\x6b\x98\xd9\x7d\x4e\xf1\xba\x28\x9a\xd9\x0c\x20\x15\x1b\xcd\xec\
\x3e\x60\x33\x33\xfb\x30\x47\x70\x49\xbb\x01\x67\x3b\x86\x3c\xcb\
\xcc\x7e\xe5\x18\x2f\x84\xa6\x56\x5c\xf9\xbd\x5d\x83\x61\xbe\x00\
\x66\xf6\x7c\xf5\x27\x69\x7a\x52\x87\xd2\x65\x8b\x8f\x05\xf0\xbd\
\x96\xbc\x4a\x5f\x90\xee\x5d\x79\x0c\xb8\xdf\xcc\x9e\xf2\x0c\x2e\
\xe9\x18\x7c\x56\x02\xe6\x6e\xa6\x02\x60\x52\x52\x87\xb8\x05\x9c\
\x42\x0e\x04\x96\xcc\x98\xdc\xfa\x00\x27\x90\xce\xdf\x4e\x92\x63\
\x8c\x8c\x86\x92\x2e\x8f\x38\xac\x68\xcb\xec\xae\xb8\x92\xf4\x61\
\xc0\xab\x3f\xc3\x27\xc0\x42\xb9\xbe\x9e\x21\x34\x23\x49\xaf\x00\
\xdf\x69\x30\xcc\xd5\x66\xb6\x85\xc7\x7c\x00\x24\x6d\x4a\xda\xdb\
\xe5\x71\xba\xab\x19\x5c\x00\xec\x63\x66\x9f\x78\x04\x73\x6c\xea\
\xb4\x65\xb3\xbc\x02\xe8\xb8\x1f\xc0\xf3\xb6\xb9\xb9\x80\xfe\xc5\
\xf1\x0a\x77\x66\xf6\x79\xb1\x2f\xe0\x07\xc0\x75\x39\xc6\xc8\x60\
\x24\xe9\xb8\xd0\x42\x66\x76\x68\xc6\xe4\x3f\x0d\xe9\xd2\x23\xb7\
\xe6\x4c\xa4\xcb\x88\x22\xf9\x87\x50\x90\x34\x1d\x8d\x27\x7f\x48\
\xab\x99\x0d\x93\x34\x89\xa4\x8b\x48\x9b\x74\xdb\x25\xf9\x43\x6a\
\x6e\xf6\x82\x24\xaf\xe3\xe2\x8f\x92\x5a\xc1\x37\x6a\xa9\xa6\x29\
\x00\x0a\xfd\x01\xaf\xfb\xe6\x01\xd6\x23\xd3\x7e\x80\x0e\x66\xf6\
\x5f\x33\xfb\x29\xb0\x0a\xf0\x50\xce\xb1\x1a\x74\x03\xb0\x84\x99\
\xed\x62\x66\x03\x33\x8f\x75\x0e\xe9\x1a\x64\x2f\x2f\x00\x67\x3a\
\xc6\x0b\xa1\x15\xcc\xea\x14\xc7\xeb\x4a\xed\x83\xf1\x3b\x92\xd8\
\x6c\xe6\x04\x2e\x2f\x5e\x7d\x34\xa4\x38\x12\xe8\xf1\x35\x99\xb5\
\xa9\x0a\x80\x62\x77\xf7\xe1\xce\x61\x8f\x94\xb4\x89\x73\xcc\x6f\
\x31\xb3\xfb\xcd\x6c\x45\x60\x73\xe0\xa5\xdc\xe3\xf5\xc0\x23\xc0\
\x6a\x66\xb6\x91\x67\x5b\xdf\x71\x91\x74\x28\xb0\x8d\x73\xd8\x5f\
\x17\xad\xa3\x43\x08\xdf\xf0\xb8\x47\xe5\x4b\x33\x7b\xbf\xd1\x20\
\x92\x7e\x08\xfc\xce\x61\x3e\xcd\x6c\x4e\xd2\xab\x55\x0f\xaf\x39\
\xc4\x98\xb9\xa9\x0a\x80\xc2\xa5\xc0\x73\x8e\xf1\x26\x06\x2e\x73\
\x5c\x9e\x19\xaf\xe2\x26\xa6\xef\x03\xdb\x93\x96\xc2\xbe\x2c\x63\
\xdc\x31\x0c\x26\xad\xa6\x6c\x64\x66\x2b\x98\xd9\xbd\x65\x0c\x2a\
\x69\x17\xe0\x48\xe7\xb0\x57\x9b\xd9\x9d\xce\x31\x43\x68\x05\x1e\
\x05\x80\x57\x0f\x96\x13\x80\xc9\x9c\x62\x35\xb3\x9d\x24\x79\x74\
\xf3\xf3\xf8\xba\xcc\xd4\x74\x05\x80\x99\x8d\x22\x25\xcf\xaf\x1c\
\xc3\x4e\x01\x0c\x90\xf4\x7d\xc7\x98\xe3\x64\x66\x23\xcc\xec\x22\
\x33\xdb\x0c\x98\x19\xd8\x84\xf4\xee\xfd\x83\x8c\xc3\xbe\x49\x3a\
\x72\xb7\x16\x30\xab\x99\xed\x90\xa1\x97\xff\x38\x49\xda\x08\xff\
\x66\x49\x43\x81\xdf\x3a\xc7\x0c\xa1\x55\x78\x14\x00\x0d\xbf\x0e\
\x2c\x3a\x7d\xae\xe8\x30\x97\x56\xe1\xf1\xb0\xe9\xf1\x9a\x76\xa6\
\x66\xdb\x9d\x0e\x80\x99\x3d\x23\xe9\x60\xe0\x44\xc7\xb0\x33\x00\
\xb7\x48\x5a\xd1\xcc\xde\x74\x8c\x3b\x5e\x66\x36\x94\xb4\xc9\x66\
\x40\xf1\x83\xb2\x12\xa9\x20\x58\x1b\x98\x07\x98\xb1\x37\x61\x49\
\xc5\xc4\x1b\xa4\x77\x45\xd7\x99\xd9\x93\x3e\x33\xee\x39\x49\x2b\
\x91\x2e\x76\xf2\xbe\x3e\xf9\x78\x33\x7b\xc3\x39\x66\x08\xad\xa2\
\x2e\x2b\x00\x8b\x02\xd3\x38\xc4\x69\x15\xcb\x3a\xc4\x70\x59\x01\
\x68\xca\x02\xa0\xf0\x17\x60\x7d\x52\xa2\xf4\x32\x17\x70\x9b\xa4\
\x75\xca\x2c\x02\x3a\x14\xab\x1b\xf7\x15\x1f\x00\x48\x9a\x9c\xb4\
\x63\x76\x8e\xb1\x7c\x8c\x24\xed\x06\x1d\xf3\xe3\xdd\xba\xbc\x13\
\x97\xf4\x63\xe0\x9f\xc0\x94\xce\xa1\x5f\x05\x8e\x73\x8e\x19\x42\
\x2b\xe9\xcd\xc3\xc3\x98\x5c\x76\x9b\x3b\xc4\x68\x25\x1e\x9f\x0f\
\x8f\xaf\xcb\x8c\x4d\x5b\x00\x98\x99\x49\xda\x11\x78\x16\x9f\x4a\
\xb7\xc3\xc2\xc0\x83\x92\xd6\x33\xb3\xe7\x1d\xe3\xf6\x4a\xd1\x7c\
\xe3\x8d\xe2\xa3\xa9\x48\xda\x90\x74\xdc\xcf\x3b\xf9\x0f\x07\x7e\
\x56\xac\x9e\x84\x10\xc6\xce\xa3\xe5\xb9\xc7\x51\xe0\x78\xfa\xef\
\xca\xe3\xf3\xe1\xf1\x75\x99\xa4\xe9\xf6\x00\x74\x66\x66\x83\x70\
\xbe\x99\xae\x30\x17\x70\x9f\xa4\x55\x32\xc4\x6e\x0b\xc5\x15\xa4\
\xd7\xe2\x9f\xfc\x21\xed\xfa\x7f\x22\x43\xdc\x10\x42\x68\x1b\x4d\
\x5d\x00\x00\x98\xd9\xb5\xe4\xe9\xff\x3e\x3d\x70\x6b\xd1\xb5\x2a\
\xf4\x40\xb1\x3f\xe3\x7c\xf2\x74\x40\xbc\xd0\xcc\xce\xc9\x10\x37\
\x84\x10\xda\x4a\xd3\x17\x00\x85\x7d\xc9\x73\xb6\x7e\x0a\xe0\x2a\
\x49\xbf\x2b\x36\xe8\x85\xf1\x90\x34\xb5\xa4\x0b\x81\xa3\x33\x0d\
\xf1\x1c\xb0\x47\xa6\xd8\x21\x84\xd0\x56\x5a\x22\xa9\x99\xd9\x10\
\x52\x87\xa9\x1c\xad\x6b\x27\x06\x8e\x00\x6e\x96\xe4\xd5\x59\xab\
\xe5\x48\x5a\x1c\xf8\xff\xf6\xee\x35\xd6\xb2\xbb\x2c\xc0\xf8\xf3\
\x1e\x06\x3b\x90\x0e\x68\xa5\x02\x29\x20\x29\xe9\x4c\xb9\xf4\x82\
\x43\x83\x26\x25\x72\x09\xb6\xd8\xe2\x07\x15\xb5\x8d\x34\x46\x4a\
\x40\x20\x52\x31\xc1\x6a\xb5\xda\xa4\x04\xe6\x83\xc6\x84\x34\x08\
\x5a\x34\x21\x44\xa4\x81\x46\x28\x96\x89\x15\xc5\xa6\x2a\xb4\x53\
\x4a\x5b\xa6\xd6\xd6\x99\x8a\xf7\x16\xa7\x43\x2f\x66\x5a\xcb\xbc\
\x7e\x58\x7b\xc6\x33\xc7\xce\x74\x9f\xb3\xd7\x5a\xff\xbd\xf7\xfb\
\xfc\x92\x95\xd3\x4c\xcf\x5e\xeb\x6d\xcf\xc9\xfc\x9f\x73\xd6\xda\
\x6b\xdd\x42\xf7\x16\xcd\x21\x3c\x04\xfc\x44\x66\xb6\xb8\x6f\x82\
\x24\x2d\x9d\xa5\x08\x00\x38\xfc\x98\xc4\xdf\x18\xf0\x10\x6f\x04\
\x6e\x8b\x88\xd7\x0e\x78\x8c\x85\x34\xb9\xc1\xcf\x57\xe9\xde\xee\
\x33\x94\x9f\xcf\xcc\x3e\x6f\x03\x2d\x49\xa5\x2d\x4d\x00\x00\x64\
\xe6\x0e\x86\xbd\x27\xfc\xf3\x81\x1b\x22\xe2\x8a\xc9\xdb\xf3\x4a\
\x8b\x88\xef\x8d\x88\x4f\x02\x7f\xc0\x30\x17\xfb\x1d\xf2\x3b\x99\
\xf9\x99\x01\xf7\x2f\x49\xe5\x2c\x55\x00\x4c\xbc\x07\xf8\xc3\x01\
\xf7\xff\x34\xe0\x72\xe0\x8e\x88\x78\xe3\x80\xc7\x99\x5b\xd1\xb9\
\x98\xee\xf1\xcc\x17\x0e\x7c\xb8\xcf\x31\xf0\x03\x9b\x24\xa9\xa2\
\x85\xbd\x0f\xc0\xd1\x4c\xee\x0f\x70\x31\xdd\x4f\xa4\x3f\x33\xe0\
\xa1\x4e\xa1\x7b\x97\xc0\x35\xc0\x2f\x8d\xf0\x04\xbd\xb9\x10\x11\
\x67\xd0\x3d\xcb\xfb\x87\x46\x38\xdc\xe7\x80\xb7\xcc\xcb\x4d\x8d\
\x24\x35\xb3\x13\xb8\xb4\xf5\x10\xc0\x36\xe0\x53\xad\x87\xe8\xcb\
\xd2\x05\x00\x74\x77\xd4\x8b\x88\xb7\xd2\x5d\xc5\x3f\xf4\xdb\xf8\
\xde\x02\xbc\x29\x22\xae\x04\xae\xca\xcc\x47\x06\x3e\x5e\x13\x11\
\xf1\x3c\xba\xc7\x79\xbe\x9b\xfe\x6f\xe9\xfb\x64\x0e\x2d\xfe\x7d\
\x3e\xf3\x41\xd2\x62\xda\x9f\x99\xb7\xb5\x1e\x22\x22\x5a\x8f\xd0\
\xab\x65\x3c\x05\x00\x74\x0f\xdc\x01\x7e\x1a\xb8\x7e\x84\xc3\x1d\
\x0f\x7c\x08\xf8\xa7\x88\xb8\x3c\x22\xbe\x67\x84\x63\x8e\x22\x22\
\x5e\x18\x11\x1f\xa6\x7b\xfc\xe4\x2f\xe2\xe2\x2f\x49\x4b\x61\x69\
\x03\x00\x60\xb2\x80\xfc\x38\xf0\x97\x23\x1d\xf2\x04\xe0\x0a\xba\
\x10\xd8\x11\x11\xcf\x1d\xe9\xb8\xbd\x8b\x88\x93\x23\xe2\x63\xc0\
\xbd\x74\xd7\x55\x6c\x1e\xe9\xd0\x2e\xfe\x92\x34\x82\xa5\x0e\x00\
\x80\xcc\x3c\x00\xbc\x19\xb8\x69\xc4\xc3\x6e\x01\xde\x4f\x17\x02\
\x9f\x8e\x88\xf3\x22\x62\xee\x4f\xb7\x44\xc4\x33\x23\xe2\xc2\x88\
\xf8\x22\xdd\x8d\x95\xde\xce\xb8\xcf\xf0\x76\xf1\x97\xa4\x91\x2c\
\x7d\x00\xc0\xe1\x1b\x05\xfd\x28\xdd\x8d\x6a\xc6\x74\x1c\xdd\x35\
\x02\xd7\x01\xff\x12\x11\xbf\x1d\x11\xa7\x8f\x3c\xc3\x31\x45\xc4\
\x4a\x44\xbc\x21\x22\xfe\x08\xf8\x4f\xe0\x93\xc0\x39\x8c\xf3\xab\
\xfe\xd5\x5c\xfc\x25\x69\x44\x73\xff\x53\x69\x5f\x32\xf3\xa1\x88\
\xb8\x1c\xf8\xb3\x46\x23\x3c\x17\x78\x1f\xf0\xbe\x88\xf8\x07\xba\
\xd3\x12\x5f\x02\xfe\x2a\x33\xef\x1f\x73\x90\x88\xd8\x0a\xbc\x1e\
\x78\xdd\x64\x3b\x71\xcc\xe3\x1f\xc5\x25\x2e\xfe\x92\x34\x9e\x32\
\x01\x30\x91\xad\x07\x98\xd8\x3a\xd9\xde\x01\x10\x11\x77\xd2\x05\
\xc1\xad\x74\xef\xad\xbf\x3b\x33\xf7\xcd\x7a\x90\xe8\x2e\x59\x7d\
\x11\xdd\x5b\x57\xb6\x01\x67\xd1\x2d\xfc\x27\xcd\xba\xef\x01\xcc\
\xcb\xd7\x46\x92\x4a\xa8\x16\x00\xf3\xea\x15\x93\xed\xb0\x88\x78\
\x80\x49\x0c\x00\x0f\x00\x8f\x02\x8f\xac\xda\x1e\xa5\x3b\x85\xb3\
\x65\xcd\xf6\x2c\xba\x3b\x16\x6e\xa3\xbb\x57\xc1\x90\x77\xe8\x93\
\x24\x2d\x28\x03\x60\x7e\x9d\x38\xd9\xce\x6e\x3d\x88\x24\x69\xf9\
\x94\xb8\x08\x50\x92\x24\x1d\xc9\x00\x90\x24\xa9\x20\x03\x40\x92\
\xa4\x82\x0c\x00\x49\x92\x0a\x32\x00\x24\x49\x2a\xc8\x00\x90\x24\
\xa9\x20\x03\x40\x92\xa4\x82\x0c\x80\xf5\x7b\x18\xf8\x76\xeb\x21\
\xe6\xc8\x7f\x00\x4f\xb4\x1e\x42\x92\xb4\x3e\x06\xc0\xfa\xed\x01\
\x5e\x40\xf7\x88\xdc\xbb\x1b\xcf\xd2\xd2\x2e\xe0\x22\xe0\xfb\xe9\
\xee\x4a\x28\x49\x5a\x20\x06\xc0\x06\x64\xe6\x23\x99\x79\x15\xf0\
\x52\xba\xa7\x0c\xee\xa4\xc6\xbd\xec\x9f\x00\xae\x01\xce\xce\xcc\
\x57\x65\xe6\x27\x7c\x80\x8f\x24\x2d\x26\x03\x60\x06\xd9\xb9\x3e\
\x33\xcf\x05\x5e\x06\x7c\x84\xe5\xfc\x69\x78\x1f\xb0\x03\x38\x39\
\x33\x7f\x2a\x33\x6f\x6a\x3d\x90\x24\x69\x36\x06\x40\x4f\x32\xf3\
\xef\x33\xf3\x5d\x74\xa7\x07\x2e\x06\xfe\x94\xc5\x8e\x81\xfd\xc0\
\x1f\x03\x17\x02\x2f\xc8\xcc\x4b\x33\xf3\x9f\x1b\xcf\x24\x49\xea\
\x89\x0f\x03\xea\x59\x66\xee\x07\xae\x06\xae\x8e\x88\xcd\xc0\xeb\
\x80\xf3\x27\xdb\x8b\x5a\xce\x36\x85\xbb\x81\xeb\x80\xcf\x03\x37\
\x65\xa6\x17\xf7\x49\xd2\x92\x32\x00\x06\x94\x99\x07\x80\xeb\x27\
\xdb\xbb\x23\xe2\x74\xe0\xcd\xc0\xb9\xc0\x99\xc0\xf1\x0d\xc7\x03\
\x78\x10\xb8\x15\xf8\x02\x70\x5d\x66\xde\xd3\x78\x1e\x49\xd2\x48\
\x0c\x80\x11\x65\xe6\xed\xc0\xed\xc0\x07\x22\x22\xe8\xae\xa0\x7f\
\xc5\x64\x3b\x6d\xf2\xf1\x54\xe0\xbb\x7a\x3e\xf4\x7f\x03\xbb\x81\
\x3b\x57\x6d\x77\x64\xe6\xbf\xf5\x7c\x1c\x49\xd2\x82\x30\x00\x1a\
\xc9\xcc\x04\xee\x9b\x6c\xd7\x1d\xfa\xf3\x88\xd8\x04\x9c\x02\xbc\
\x04\x78\x36\xf0\xac\xc9\xc7\xd5\xff\x7c\xe8\xe3\x41\xe0\x21\xba\
\xfb\x12\x7c\x7b\xd5\x3f\x1f\xfa\xb8\x1f\xb8\x07\xd8\x93\x99\x07\
\x87\xff\xaf\x92\x24\x2d\x0a\x03\x60\xce\x4c\xce\xbb\xdf\x35\xd9\
\x24\x49\x1a\x84\xef\x02\x90\x24\xa9\x20\x03\x40\x92\xa4\x82\x0c\
\x00\x49\x92\x0a\x32\x00\x24\x49\x2a\xc8\x00\x90\x24\xa9\x20\x03\
\x40\x92\xa4\x82\x0c\x00\x49\x92\x0a\x32\x00\x24\x49\x2a\xc8\x00\
\x90\x24\xa9\x20\x03\x40\x92\xa4\x82\x0c\x00\x49\x92\x0a\x32\x00\
\x24\x49\x2a\xc8\x00\x90\x24\xa9\x20\x03\x40\x92\xa4\x82\x0c\x00\
\x49\x92\x0a\x32\x00\x24\x49\x2a\xc8\x00\x90\x24\xa9\x20\x03\x40\
\x92\xa4\x82\x0c\x00\x49\x92\x0a\x32\x00\x24\x49\x2a\xc8\x00\x90\
\x24\xa9\x20\x03\x40\x92\xa4\x82\x0c\x00\x49\x92\x0a\x32\x00\x24\
\x49\x2a\x68\x53\xeb\x01\xf4\x7f\x22\x62\x33\x70\x06\xb0\x1d\x78\
\x31\xb0\x1b\xd8\x05\xdc\x95\x99\x4f\x34\x1c\x4d\x92\xb4\x64\x0c\
\x80\x39\x10\x11\xc7\x01\x57\x00\xbf\xcc\x93\x7f\x4d\x1e\x8e\x88\
\xf7\x67\xe6\xef\x8d\x3b\x99\x24\x69\x59\x79\x0a\xa0\xb1\x88\x78\
\x25\xdd\x4f\xf9\xbf\xc2\xd1\x83\x6c\x0b\xf0\x91\x88\xd8\x19\x11\
\x27\x8d\x36\x9c\x24\x69\x69\x19\x00\x0d\x45\xc4\xf3\x81\x1b\x80\
\x97\x4f\xf9\x92\x1f\x01\xbe\x10\x11\x4f\x1f\x6e\x2a\x49\xea\xd5\
\x0b\x5b\x0f\x30\x67\x9e\x19\x11\xcf\x69\x3d\x04\x18\x00\xad\xfd\
\x3e\x70\xc2\x3a\x5f\x73\x06\xf0\x6b\x03\xcc\x22\x49\xbd\x89\x88\
\xf3\x23\xe2\x66\xfc\xfb\x6a\xad\x13\x81\xbd\x11\xf1\xa1\xd6\x21\
\x60\x00\x34\x12\x11\x17\x00\xe7\x6d\xf0\xe5\x97\x45\xc4\xb6\x3e\
\xe7\x91\xa4\x3e\xac\x5a\xf8\x3f\x0f\xbc\xaa\xf5\x3c\x73\xea\x78\
\xba\xd3\xbe\x4d\x43\xc0\x00\x68\x67\xa3\x8b\x3f\xc0\xd3\x81\x73\
\xfa\x1a\x44\x92\x66\xe5\xc2\xbf\x21\x4d\x43\xc0\x00\x68\x67\xfb\
\x8c\xaf\x3f\xab\x97\x29\x24\x69\x06\x2e\xfc\xbd\x68\x12\x02\x06\
\x40\x03\x11\x71\x3c\xb0\x75\xc6\xdd\x18\x00\x92\x9a\x19\x79\xe1\
\xcf\x81\xf7\x3f\xad\xa1\xe7\x18\x35\x04\x0c\x80\x36\x9e\xc3\xec\
\xff\xef\x9f\xd7\xc7\x20\x92\xb4\x1e\x8d\x7e\xe2\xdf\x37\xd2\x71\
\x9e\xca\x58\x73\x8c\x12\x02\x06\x80\x24\xe9\x29\x35\xfe\x55\xff\
\x9e\x91\x8f\x77\x34\xff\x0a\x3c\x3e\xe2\xf1\x06\x0d\x01\x03\x40\
\x92\x74\x54\x73\x72\x8e\xff\xe6\x46\xc7\x3d\x42\x66\x1e\xa4\xbb\
\x71\xdb\xd8\x8e\x08\x01\xba\xdf\x22\xcf\xcc\x00\x90\x24\x1d\xcd\
\x7b\x69\x7f\x71\xdf\xed\x99\xf9\xd7\x0d\x8f\xbf\xd6\x87\x1b\x1e\
\xfb\x50\x08\xdc\xd1\xc7\xce\x0c\x00\x49\xd2\xd1\x6c\x6e\x3d\x00\
\xf0\x5b\xad\x07\x58\xe3\x1a\xe0\x1b\x8d\x67\xe8\xe5\xeb\x62\x00\
\x48\x92\xe6\xd5\x07\x33\xf3\xda\xd6\x43\xac\x36\x79\x32\xeb\x8f\
\x01\xff\xd5\x7a\x96\x59\x19\x00\x92\xa4\x79\x73\x10\xd8\x01\x5c\
\xd6\x7a\x90\x27\x93\x99\x7b\xe8\x6e\xc6\x76\x6f\xeb\x59\x66\x61\
\x00\x48\x92\xe6\xc9\x6e\xe0\xb5\x99\x79\x69\x66\xce\xcb\xfb\xff\
\xff\x9f\xcc\xdc\x05\x9c\x09\x5c\x05\xfc\x4f\xe3\x71\x36\xc4\x00\
\x90\x24\xcd\x83\xdd\xc0\x05\xc0\x69\x99\x79\x63\xeb\x61\xa6\x91\
\x99\x8f\x66\xe6\x7b\x80\x6d\xc0\xd5\x2c\x58\x08\x18\x00\x92\xa4\
\x96\x56\x2f\xfc\x9f\x9a\xbc\xd5\x6e\xa1\x64\xe6\xde\xcc\xbc\x98\
\x05\x0b\x01\x03\x40\x92\xd4\xc2\xc2\x2f\xfc\x6b\x2d\x5a\x08\x18\
\x00\x92\xa4\x31\x2d\xdd\xc2\xbf\xd6\xa2\x84\x80\x01\x20\x49\x1a\
\xc3\xd2\x2f\xfc\x6b\xcd\x7b\x08\x18\x00\x92\xa4\x21\x95\x5b\xf8\
\xd7\x9a\xd7\x10\x30\x00\x24\x49\x43\x28\xbf\xf0\xaf\x35\x6f\x21\
\x60\x00\x48\x92\xfa\xe4\xc2\xff\x14\xe6\x25\x04\x0c\x00\x49\x52\
\x1f\x5c\xf8\xd7\xa9\x75\x08\x18\x00\x92\xb4\x9c\x1e\x1c\xe9\x38\
\x2e\xfc\x33\x6a\x14\x02\xfb\x0d\x00\x49\x5a\x4e\x7b\x06\xde\xbf\
\x0b\x7f\xcf\x46\x0e\x81\x3d\x06\x80\x24\x2d\xa7\xaf\xd0\x3d\x54\
\xa7\x6f\x2e\xfc\x03\x1b\x29\x04\xfe\xd6\x00\x90\xa4\x25\x94\x99\
\xdf\x04\x6e\xe8\x71\x97\x2e\xfc\x23\x1b\x38\x04\xae\x36\x00\x24\
\x69\x79\x5d\x01\x7c\x67\xc6\x7d\xb8\xf0\x37\x36\x40\x08\x5c\x9b\
\x99\x5f\x33\x00\x24\x69\x49\x65\xe6\xdf\x00\xbf\xb9\xc1\x97\xbb\
\xf0\xcf\x99\x9e\x42\xe0\x9b\xc0\xdb\xc0\x77\x01\x48\xd2\x52\xcb\
\xcc\x0f\x00\x97\x32\xfd\xf5\x00\x2e\xfc\x73\x6e\x86\x10\xf8\x1a\
\xf0\x9a\xcc\x7c\x10\x0c\x00\x49\x5a\x7a\x99\xb9\x03\x78\x3d\xf0\
\xa5\x63\x7c\xda\x2d\xb8\xf0\x2f\x94\x35\x21\xf0\x31\xe0\xe1\xa3\
\x7c\xea\xfd\x74\xbf\x09\x3a\x7b\x72\x6d\x08\x00\x9b\x86\x1f\x51\
\x92\xd4\x5a\x66\x7e\x19\x78\x43\x44\xbc\x14\x38\x0b\x38\x15\x78\
\x0c\x78\x00\xf8\xf3\xcc\xbc\xa7\xe5\x7c\xda\xb8\xcc\xdc\x0b\xbc\
\x23\x22\xde\x0b\xbc\x09\x38\x05\x38\x81\xee\x6b\x7b\x3b\x70\x63\
\x66\x1e\x58\xfb\x3a\x03\x40\x92\x0a\xc9\xcc\xbb\x80\xbb\x5a\xcf\
\xa1\xfe\x4d\x16\xf9\x6b\xa7\xfd\x7c\x4f\x01\x48\x92\x54\x90\x01\
\x20\x49\x52\x41\x06\x80\x24\x49\x05\x19\x00\x92\x24\x15\x64\x00\
\x48\x92\x54\x90\x01\x20\x49\x52\x41\x06\x80\x24\x49\x05\x19\x00\
\x92\x24\x15\x64\x00\x48\x92\x54\x90\x01\x20\x49\x52\x41\x06\x80\
\x24\x49\x05\x19\x00\x92\x24\x15\x64\x00\x48\x92\x54\x90\x01\x20\
\x49\x52\x41\x06\x80\x24\x49\x05\x19\x00\x92\x24\x15\x64\x00\x48\
\x92\x54\x90\x01\x20\x49\x52\x41\x06\x80\x24\x49\x05\x19\x00\x92\
\x24\x15\x64\x00\x48\x92\x54\x90\x01\x20\x49\x52\x41\x06\x80\x24\
\x49\x05\x19\x00\x92\x24\x15\x64\x00\xb4\xb1\x0f\xc8\x19\xf7\xf1\
\x40\x1f\x83\x48\x92\x6a\x32\x00\x1a\xc8\xcc\x87\x80\x7b\x67\xdc\
\xcd\x2d\x7d\xcc\x22\x49\xaa\xc9\x00\x68\xe7\xd6\x19\x5f\x7f\x73\
\x2f\x53\x48\x92\x4a\x32\x00\xda\xb9\x61\x86\xd7\x1e\x04\xfe\xa2\
\xaf\x41\x24\x49\xf5\x18\x00\xed\x7c\x1c\xf8\xf2\x06\x5f\xfb\xbb\
\x99\xf9\xf5\x3e\x87\x91\x24\xd5\x62\x00\x34\x92\x99\x07\x81\x9f\
\x03\x1e\x5e\xe7\x4b\xef\x06\x2e\xeb\x7d\x20\x49\x52\x29\x06\x40\
\x43\x99\x79\x1f\x70\x1e\xb0\x77\xca\x97\xfc\x1d\x70\x7e\x66\x1e\
\x18\x6c\x28\x49\x52\x09\x06\x40\x63\x99\x79\x23\x70\x3a\xf0\xd1\
\x63\x7c\xda\xe3\xc0\xaf\x02\x67\x67\xe6\xac\xef\x1e\x90\x24\x89\
\x4d\xad\x07\x10\x64\xe6\x23\xc0\x3b\x23\xe2\xd7\x81\xed\x93\xed\
\xc5\xc0\x6e\x60\x17\x70\x5b\x66\xae\xf7\x54\x81\x24\x49\x47\x65\
\x00\xcc\x91\xcc\xfc\x16\xb0\x73\xb2\x49\x92\x34\x18\x4f\x01\x48\
\x92\x54\x90\x01\x20\x49\x52\x41\x06\x80\x24\x49\x05\x19\x00\x92\
\x24\x15\x64\x00\x48\x92\x54\x90\x01\x20\x49\x52\x41\x06\x80\x24\
\x49\x05\x19\x00\x92\x24\x15\x64\x00\x48\x92\x54\x90\x01\x20\x49\
\x52\x41\x06\x80\x24\x49\x05\x19\x00\x92\x24\x15\x64\x00\x48\x92\
\x54\x90\x01\x20\x49\x52\x41\x06\x80\x24\x49\x05\x6d\x3a\xd6\xbf\
\x8c\x88\x13\x80\xd3\x81\xcd\xe3\x8c\x33\xb8\xed\x3d\xec\x63\x4b\
\x44\x9c\xdb\xc3\x7e\x96\xc9\x31\xbf\x8f\xa6\xf4\xc3\x11\x71\x6a\
\x0f\xfb\x91\x86\x94\xc0\xbd\x99\xf9\x8f\xad\x07\x91\x66\x15\x99\
\x79\xe4\x1f\x44\x6c\x05\x2e\x07\x7e\x10\x78\x49\x8b\xa1\x24\x69\
\xce\xed\x03\x6e\x01\x3e\x9e\x99\x7f\xd2\x7a\x18\x69\x23\x0e\x07\
\x40\x44\xac\x00\x97\x00\x57\x02\xcf\x68\x39\x94\x24\x2d\x90\xcf\
\x02\xbf\x90\x99\xf7\xb7\x1e\x44\x5a\x8f\xd5\x01\x70\x0d\xf0\x93\
\x6d\xc7\x91\xa4\x85\x74\x3f\x70\x66\x66\xfe\x7b\xeb\x41\xa4\x69\
\xad\x00\x44\xc4\x45\xb8\xf8\x4b\xd2\x46\x7d\x1f\xf0\xd1\xd6\x43\
\x48\xeb\x11\xc0\x49\xc0\x9d\xc0\x77\x37\x9e\x45\x92\x16\xdd\x45\
\x99\xf9\x89\xd6\x43\x48\xd3\x58\x01\x2e\xc0\xc5\x5f\x92\xfa\xf0\
\xce\xd6\x03\x48\xd3\x5a\x01\x7e\xa0\xf5\x10\x92\xb4\x24\x5e\x19\
\x11\x7d\xbc\x2d\x56\x1a\x9c\x01\x20\x49\xfd\x79\x06\xf0\xb2\xd6\
\x43\x48\xd3\x58\x01\xb6\xb6\x1e\x42\x92\x96\xc8\xb6\xd6\x03\x48\
\xd3\x58\xa1\xbb\x10\x50\x92\xd4\x8f\xa7\xb5\x1e\x40\x9a\x86\xcf\
\x02\x90\x24\xa9\x20\x03\x40\x92\xa4\x82\x0c\x00\x49\x92\x0a\x32\
\x00\x24\x49\x2a\xc8\x00\x90\x24\xa9\x20\x03\x40\x92\xa4\x82\xfa\
\xba\x63\xd5\x9d\xc0\x77\x7a\xda\x97\x24\xb5\x72\x32\xb0\xa5\xf5\
\x10\xd2\x18\xfa\x0a\x80\xd7\x64\xe6\xfe\x9e\xf6\x25\x49\x4d\x44\
\xc4\x17\x81\x73\x5a\xcf\x21\x8d\xc1\x53\x00\x92\x24\x15\x64\x00\
\x48\x92\x54\x90\x01\x20\x49\x52\x41\x06\x80\x24\x49\x05\x19\x00\
\x92\x24\x15\x64\x00\x48\x92\x54\x90\x01\x20\x49\x52\x41\x06\x80\
\x24\x49\x05\x19\x00\x92\x24\x15\x64\x00\x48\x92\x54\x90\x01\x20\
\x49\x52\x41\x06\x80\x24\x49\x05\x19\x00\x92\x24\x15\x64\x00\x48\
\x92\x54\x90\x01\x20\x49\x52\x41\x06\x80\x24\x49\x05\x19\x00\x92\
\x24\x15\x64\x00\x48\x92\x54\x90\x01\x20\x49\x52\x41\x06\x80\x24\
\x49\x05\x19\x00\x92\x24\x15\x64\x00\x48\x92\x54\x90\x01\x20\x49\
\x52\x41\x06\x80\x24\x49\x05\x19\x00\x92\x24\x15\x64\x00\x48\x92\
\x54\x90\x01\x20\x49\x52\x41\x06\x80\x24\x49\x05\x19\x00\x92\x24\
\x15\x64\x00\x48\x92\x54\x90\x01\x20\x49\x52\x41\x06\x80\x24\x49\
\x05\x6d\xea\x69\x3f\xcf\x8e\x88\x9e\x76\x25\x49\xcd\xf4\xf5\x77\
\xa2\x34\xf7\xfa\xfa\x66\xbf\xaf\xa7\xfd\x48\x92\xa4\x11\x78\x0a\
\x40\x92\xa4\x82\x0c\x00\x49\x92\x0a\x32\x00\x24\x49\x2a\xc8\x00\
\x90\x24\xa9\x20\x03\x40\x92\xa4\x82\x0c\x00\x49\x92\x0a\x32\x00\
\x24\x49\x2a\x68\x05\x78\xac\xf5\x10\x92\xb4\x44\x0e\xb4\x1e\x40\
\x9a\xc6\x0a\x70\x47\xeb\x21\x24\x69\x89\x7c\xbd\xf5\x00\xd2\x34\
\x56\x80\x5d\xad\x87\x90\xa4\x25\xf1\xad\xcc\xdc\xdb\x7a\x08\x69\
\x1a\x2b\xc0\xcd\xad\x87\x90\xa4\x25\xf1\x95\xd6\x03\x48\xd3\x0a\
\xe0\x38\xba\xdf\x02\xbc\xbc\xf1\x2c\x92\xb4\xc8\x9e\x00\x5e\x9d\
\x99\xb7\xb6\x1e\x44\x9a\xc6\x4a\x66\x3e\x06\x5c\x44\xf7\xcd\x2b\
\x49\xda\x98\x0f\xba\xf8\x6b\x91\xac\x00\x4c\xbe\x69\x2f\xc1\x08\
\x90\xa4\x8d\xd8\x09\x5c\xd9\x7a\x08\x69\x3d\x0e\xdf\x07\x20\x33\
\xaf\x02\x5e\x0d\x7c\xa3\xdd\x38\x92\xb4\x50\x1e\x05\xde\x95\x99\
\xe7\x66\xe6\xe3\xad\x87\x91\xd6\x23\x32\xf3\xc8\x3f\x88\x38\x0e\
\xf8\x59\xe0\x2c\x60\x3b\x70\x1a\xdd\x75\x02\x92\x24\xd8\x43\x77\
\xdd\xd4\x2e\xe0\xd3\x5e\xf5\xaf\x45\xf5\xbf\xf0\x9e\xd1\x8b\x7b\
\x37\xb6\x8c\x00\x00\x00\x00\x49\x45\x4e\x44\xae\x42\x60\x82\
\x00\x00\x38\x79\
\x89\
\x50\x4e\x47\x0d\x0a\x1a\x0a\x00\x00\x00\x0d\x49\x48\x44\x52\x00\
\x00\x02\x00\x00\x00\x02\x00\x08\x06\x00\x00\x00\xf4\x78\xd4\xfa\
\x00\x00\x00\x04\x73\x42\x49\x54\x08\x08\x08\x08\x7c\x08\x64\x88\
\x00\x00\x00\x09\x70\x48\x59\x73\x00\x00\x10\xd7\x00\x00\x10\xd7\
\x01\x50\xdf\x56\x55\x00\x00\x00\x19\x74\x45\x58\x74\x53\x6f\x66\
\x74\x77\x61\x72\x65\x00\x77\x77\x77\x2e\x69\x6e\x6b\x73\x63\x61\
\x70\x65\x2e\x6f\x72\x67\x9b\xee\x3c\x1a\x00\x00\x20\x00\x49\x44\
\x41\x54\x78\x9c\xed\xdd\x79\x9c\x64\x55\x79\xff\xf1\xcf\x33\xc3\
\xbe\x83\x88\x80\xa0\xa2\xb2\xba\x80\x51\x0c\xee\x80\x28\xa2\x2c\
\x9a\x80\xbb\x60\x12\x97\x5f\xd0\x10\xe2\x4a\x24\x89\xa8\xa8\xb8\
\xa0\xc6\x15\x63\x14\x05\x51\x5c\x50\x16\x11\x17\x04\x04\x14\x01\
\x89\x6c\xb2\x08\xc8\x8e\x08\x08\x38\x20\xc8\x36\xcf\xef\x8f\x7b\
\x07\x86\x61\xa6\xbb\xaa\xbb\xea\x9c\xaa\xba\x9f\xf7\xeb\x55\xaf\
\x1e\x66\xa6\xfb\x79\xe8\xaa\xe9\xf3\xad\x73\xcf\x3d\x27\x32\x13\
\x49\x92\xd4\x2d\x73\x6a\x37\x20\x49\x92\xca\x33\x00\x48\x92\xd4\
\x41\x06\x00\x49\x92\x3a\xc8\x00\x20\x49\x52\x07\x19\x00\x24\x49\
\xea\x20\x03\x80\x24\x49\x1d\x64\x00\x90\x24\xa9\x83\x0c\x00\x92\
\x24\x75\x90\x01\x40\x92\xa4\x0e\x32\x00\x48\x92\xd4\x41\x06\x00\
\x49\x92\x3a\xc8\x00\x20\x49\x52\x07\x19\x00\x24\x49\xea\x20\x03\
\x80\x24\x49\x1d\x64\x00\x90\x24\xa9\x83\x0c\x00\x92\x24\x75\x90\
\x01\x40\x92\xa4\x0e\x32\x00\x48\x92\xd4\x41\x06\x00\x49\x92\x3a\
\xc8\x00\x20\x49\x52\x07\x19\x00\x24\x49\xea\x20\x03\x80\x24\x49\
\x1d\x64\x00\x90\x24\xa9\x83\x0c\x00\x92\x24\x75\x90\x01\x40\x92\
\xa4\x0e\x32\x00\x48\x92\xd4\x41\x06\x00\x49\x92\x3a\xc8\x00\x20\
\x49\x52\x07\x19\x00\x24\x49\xea\x20\x03\x80\x24\x49\x1d\x64\x00\
\x90\x24\xa9\x83\x0c\x00\x92\x24\x75\x90\x01\x40\x92\xa4\x0e\x32\
\x00\x48\x92\xd4\x41\x06\x00\x49\x92\x3a\xc8\x00\x20\x49\x52\x07\
\x19\x00\x24\x49\xea\x20\x03\x80\x24\x49\x1d\x64\x00\x90\x24\xa9\
\x83\x0c\x00\x92\x24\x75\x90\x01\x40\x92\xa4\x0e\x32\x00\x48\x92\
\xd4\x41\x06\x00\x49\x92\x3a\xc8\x00\x20\x49\x52\x07\x19\x00\x24\
\x49\xea\x20\x03\x80\x24\x49\x1d\x64\x00\x90\x24\xa9\x83\x0c\x00\
\x92\x24\x75\x90\x01\x40\x92\xa4\x0e\x32\x00\x48\x92\xd4\x41\x06\
\x00\x49\x92\x3a\xc8\x00\x20\x49\x52\x07\x19\x00\x24\x49\xea\xa0\
\xa5\x6a\x37\x20\x0d\x42\x44\xac\x02\xac\xd3\x3e\xd6\x6d\x3f\xae\
\x5c\xb5\x29\x4d\x8a\x79\xc0\x75\x0b\x3f\x32\xf3\x8e\xba\x2d\x49\
\xb3\x17\x99\x59\xbb\x07\xa9\x27\x11\x11\xc0\xdf\x00\x3b\x02\x9b\
\xf1\xe0\x01\x7f\x85\x8a\xad\xa9\x7b\xfe\xcc\x83\x43\xc1\x69\xc0\
\x31\x99\x79\x4d\xd5\xae\xa4\x3e\x18\x00\x34\xd2\x22\x62\x79\xe0\
\xf9\xc0\x4e\x34\x03\xff\xba\x75\x3b\x92\xa6\x74\x16\x70\x34\x70\
\x74\x66\x9e\x5d\xbb\x19\x69\x2a\x06\x00\x8d\x9c\x88\x58\x87\x66\
\xb0\xdf\x09\xd8\x0e\x58\xbe\x6e\x47\xd2\x8c\x5c\x45\x1b\x06\x80\
\x93\x32\xf3\x9e\xca\xfd\x48\x0f\x62\x00\xd0\xc8\x88\x88\xf5\x80\
\xfd\x80\xd7\x03\x73\xab\x36\x23\x0d\xd6\x55\xc0\x7f\x01\x87\x66\
\xe6\xfc\xda\xcd\x48\x60\x00\xd0\x08\x88\x88\xd5\x81\x7d\x80\xbd\
\x80\xe5\x2a\xb7\x23\x0d\xd3\x79\xc0\x3e\x99\xf9\xc3\xda\x8d\x48\
\x06\x00\x55\xd3\x5e\xdf\xdf\x8b\x66\xf0\x5f\xad\x72\x3b\x52\x49\
\x27\x01\xef\xce\xcc\x33\x6a\x37\xa2\xee\x32\x00\xa8\xb8\x88\x98\
\x0b\xfc\x03\xcd\x74\xff\x23\xeb\x76\x23\x55\xf5\x1d\x60\xdf\xcc\
\xbc\xa4\x76\x23\xea\x1e\x03\x80\x8a\x8a\x88\x75\x81\x23\x81\x2d\
\x6b\xf7\x22\x8d\x88\x7b\x80\xbd\x33\xf3\xf3\xb5\x1b\x51\xb7\x18\
\x00\x54\x4c\x44\x6c\x49\x33\xf8\x7b\x2b\x9f\xf4\x50\x5f\x00\xf6\
\xca\xcc\x7b\x6b\x37\xa2\x6e\x30\x00\xa8\x88\x88\x78\x15\xf0\x15\
\x5c\xe4\x27\x4d\xe5\x04\x60\xb7\xcc\xbc\xb9\x76\x23\x9a\x7c\x9e\
\x05\xa0\xa1\x8a\xc6\xfe\xc0\x37\x70\xf0\x97\xa6\xb3\x2d\x70\x7a\
\x44\x6c\x5a\xbb\x11\x4d\x3e\x67\x00\x34\x34\x11\xb1\x22\x70\x28\
\xf0\xb2\xda\xbd\x48\x63\x66\x1e\xf0\xca\xcc\x3c\xae\x76\x23\x9a\
\x5c\xce\x00\x68\x28\xda\xdd\xfc\x7e\x81\x83\xbf\x34\x13\xab\x00\
\x3f\x88\x88\x7f\xa9\xdd\x88\x26\x97\x33\x00\x1a\xb8\x88\x58\x0e\
\xf8\x39\xf0\xf4\xda\xbd\x48\x13\xe0\xd5\x99\xf9\xcd\xda\x4d\x68\
\xf2\x38\x03\xa0\x61\xf8\x5f\x1c\xfc\xa5\x41\x39\x38\x22\x9e\x55\
\xbb\x09\x4d\x1e\x03\x80\x06\x2a\x22\xde\x0d\xbc\xa6\x76\x1f\xd2\
\x04\x59\x16\x38\x32\x22\x1e\x57\xbb\x11\x4d\x16\x2f\x01\x68\x60\
\x22\x62\x47\xe0\x28\x0c\x96\xd2\x30\x5c\x0c\x3c\x23\x33\x6f\xa9\
\xdd\x88\x26\x83\x01\x40\x03\x11\x11\x9b\x01\xbf\x02\x56\xae\xdd\
\x8b\x34\xc1\x4e\x02\x5e\xe8\xd1\xc2\x1a\x04\xdf\xa9\x69\xd6\x22\
\x62\x0d\x9a\x33\xcf\x1d\xfc\xa5\xe1\xda\x1a\xf8\x9f\xda\x4d\x68\
\x32\x18\x00\x34\x08\x87\x00\x5e\x9f\x94\xca\x78\x7d\x44\xec\x5e\
\xbb\x09\x8d\x3f\x2f\x01\x68\x56\x22\x62\x3b\xe0\xa7\xb5\xfb\x90\
\x3a\xe6\x2a\x60\xa3\xcc\xbc\xab\x76\x23\x1a\x5f\xce\x00\x68\xc6\
\x22\x22\x80\x8f\xd6\xee\x43\xea\xa0\x47\x01\x6f\xad\xdd\x84\xc6\
\x9b\x33\x00\x9a\xb1\x88\x78\x2d\xcd\x56\xbf\x92\xca\xbb\x19\x78\
\x6c\x66\xfe\xb9\x76\x23\x1a\x4f\xce\x00\x68\x46\x22\x62\x59\x60\
\xff\xda\x7d\x48\x1d\xb6\x06\xb0\x4f\xed\x26\x34\xbe\x9c\x01\xd0\
\x8c\x44\xc4\xdb\x81\x8f\xd7\xee\x63\x09\xe6\x03\x37\x00\x37\xb6\
\xbf\x96\x66\x63\x25\x60\x6d\x60\xc5\xda\x8d\x2c\xc6\x9d\xc0\xe3\
\x33\xf3\xba\xda\x8d\x68\xfc\x18\x00\xd4\xb7\x88\x58\x0d\xb8\x8c\
\xe6\x1d\x48\x6d\xf7\x01\x67\x00\xc7\x01\xc7\x03\x97\x03\x37\x66\
\xe6\x7d\x55\xbb\xd2\xc4\x89\x88\x95\x81\x75\x80\xa7\x01\x3b\x00\
\x2f\x04\xd6\xaa\xda\x54\xe3\x4b\x99\xf9\xa6\xda\x4d\x68\xfc\x18\
\x00\xd4\xb7\x88\xf8\x28\xf0\xce\xca\x6d\xdc\x00\x1c\x00\x7c\x2d\
\x33\x6f\xae\xdc\x8b\x3a\xa8\x5d\x04\xbb\x15\xb0\x2f\xf0\x92\x8a\
\xad\xdc\x07\x3c\x21\x33\x2f\xae\xd8\x83\xc6\x90\x6b\x00\xd4\x97\
\x88\x58\x1a\x78\x73\xc5\x16\x6e\x01\xfe\x9d\x66\xf1\xd3\x27\x1d\
\xfc\x55\x4b\x36\x4e\xcb\xcc\x1d\x81\x67\xd2\xec\xd2\x57\xc3\x5c\
\xc0\x7d\x01\xd4\x37\x03\x80\xfa\xb5\x35\xcd\x59\xe5\x35\x9c\x05\
\x6c\x9e\x99\x07\x64\xe6\x5f\x2a\xf5\x20\x3d\x44\x1b\x04\xb6\xa1\
\x99\x19\xab\x71\xf9\x69\xa7\x0a\x35\x35\xe6\x0c\x00\xea\xd7\xce\
\x95\xea\x1e\x02\x3c\x3b\x33\xaf\xae\x54\x5f\x9a\x56\x66\x7e\x1c\
\x78\x11\xcd\x2d\x7a\x25\x3d\x29\x22\x1e\x5d\xb8\xa6\xc6\x9c\x01\
\x40\xfd\xaa\x11\x00\x3e\x9b\x99\x7b\x64\xe6\x5f\x2b\xd4\x96\xfa\
\x92\x99\xc7\x03\xcf\x06\xe6\x15\x2e\xed\x2c\x80\xfa\x62\x00\x50\
\xcf\x22\x62\x0b\x9a\x1d\xc8\x4a\x3a\x05\x78\x5b\xe1\x9a\xd2\xac\
\x64\xe6\x85\xc0\x6b\x81\x92\xab\xac\x0d\x00\xea\x8b\x01\x40\xfd\
\x28\xfd\xee\xff\x3a\x60\x37\x8f\x3e\xd5\x38\xca\xcc\x63\x80\xfd\
\x0a\x96\xdc\xba\xbd\x55\x51\xea\x89\x01\x40\xfd\xd8\xa5\x70\xbd\
\xbd\x33\xf3\x8f\x85\x6b\x4a\x83\xb4\x3f\x70\x7e\xa1\x5a\xcb\x00\
\xdb\x17\xaa\xa5\x09\x60\x00\x50\x4f\x22\x62\x3d\xe0\x6f\x0a\x96\
\x3c\x1b\xf8\x6e\xc1\x7a\xd2\xc0\x65\xe6\x7c\xe0\x3f\x0b\x96\xf4\
\x32\x80\x7a\x66\x00\x50\xaf\x9e\x5f\xb8\xde\x7f\xa4\xbb\x54\x69\
\x02\x64\xe6\x91\xc0\x99\x85\xca\x6d\x53\xa8\x8e\x26\x80\x01\x40\
\xbd\x2a\xb9\xf8\xef\xc2\xcc\x3c\xb6\x60\x3d\x69\xd8\x0e\x2c\x54\
\x67\xdd\x88\xf0\xe7\xba\x7a\xe2\x0b\x45\xbd\x5a\xb7\x60\xad\x1f\
\x14\xac\x25\x95\xf0\x63\xca\x6c\x10\x34\x97\xd1\x38\x9f\x40\x63\
\xc0\x00\xa0\x5e\x95\x0c\x00\xbe\xfb\xd7\x44\xc9\xcc\x5b\x81\x5f\
\x15\x2a\x57\xf2\xdf\xaa\xc6\x98\x01\x40\xbd\x2a\xf5\x43\xe5\xcf\
\xc0\x2f\x0a\xd5\x92\x4a\x3a\xae\x50\x1d\x03\x80\x7a\x62\x00\x50\
\xaf\x4a\xfd\x50\xf9\x5d\x66\xde\x5b\xa8\x96\x54\xd2\x6f\x0b\xd5\
\x31\x00\xa8\x27\x06\x00\x4d\x2b\x22\xe6\x02\x8f\x28\x54\xce\xfb\
\xfe\x35\xa9\xae\x2f\x54\xc7\x00\xa0\x9e\x18\x00\xd4\x8b\xb5\x68\
\x16\x17\x95\x70\x43\xa1\x3a\x52\x69\x7f\x28\x54\x67\x9d\x42\x75\
\x34\xe6\x0c\x00\xea\x45\xc9\x77\x14\x06\x00\x4d\xaa\x52\xb3\x5b\
\xce\x00\xa8\x27\x06\x00\xf5\xe2\x61\x05\x6b\xdd\x55\xb0\x96\x54\
\x4c\xc1\xd3\x2c\x4b\xfe\x7b\xd5\x18\x5b\xaa\x76\x03\xb3\x15\x11\
\x4b\x01\x8f\x01\x36\x02\x1e\x0b\xac\x0e\xac\x0c\xac\xb2\xd0\xc7\
\x15\x31\xec\xcc\xc6\x1a\xb5\x1b\x90\xd4\xb3\x27\x46\xc4\x49\xb5\
\x9b\x18\x73\xf3\x81\xbf\xd0\x1c\xe9\x7c\xdb\x42\x1f\x6f\x01\x7e\
\x0f\xfc\x0e\xb8\x62\xdc\x17\x2c\x8f\x55\x00\x88\x88\xe5\x81\x67\
\x01\x5b\x03\x9b\x03\x1b\xd2\x0c\xfa\x4b\x57\x6c\x4b\x92\x46\xc9\
\xca\xc0\xf3\x6a\x37\xd1\x01\xf7\x44\xc4\xef\x81\x4b\x80\x73\x80\
\x93\x80\x5f\x64\xe6\x9d\x55\xbb\xea\x43\x8c\xf2\x76\xeb\xed\x96\
\x96\xcf\x02\xb6\x6d\x1f\x5b\xd1\x9c\x78\xa5\xc9\xf5\xbe\xcc\xdc\
\xaf\x76\x13\xd2\x30\x44\xc4\xe8\xfe\xc0\xd5\x20\xdc\x4d\xb3\xe1\
\xd3\x09\xed\xe3\x17\xed\x81\x50\x23\x69\x24\x67\x00\x22\x62\x53\
\x60\x77\xe0\xb5\xc0\x7a\x95\xdb\x91\x24\xa9\x17\xcb\x00\xcf\x6d\
\x1f\xfb\x01\xd7\x44\xc4\xd7\x81\x43\x32\xf3\xc2\x9a\x8d\x2d\xce\
\xc8\x5c\x17\x8f\x88\x55\x22\xe2\xad\x11\x71\x06\x70\x01\xb0\x0f\
\x0e\xfe\x92\xa4\xf1\xb5\x1e\xcd\x58\x76\x41\x44\x9c\xd1\x8e\x71\
\xab\xd4\x6e\x6a\x81\xea\x01\x20\x22\x56\x8b\x88\xf7\x02\x57\x00\
\x9f\x01\xb6\xac\xdb\x91\x24\x49\x03\xb7\x25\xcd\x18\x77\x45\x44\
\xbc\x37\x22\x56\xab\xdd\x50\xb5\x00\x10\x11\x0f\x8b\x88\xfd\x81\
\x2b\x69\xa6\x4a\x56\xaf\xd5\x8b\x24\x49\x85\xac\x4e\x33\xe6\x5d\
\x19\x11\xfb\x47\x44\xb5\xdb\x36\x8b\x07\x80\x88\x58\x2a\x22\xde\
\x49\xf3\x8e\x7f\x5f\x9a\xdb\xf4\x24\x49\xea\x92\x55\x68\xc6\xc0\
\x2b\x22\xe2\x9d\xed\x2d\xed\x45\x15\x0d\x00\x11\xb1\x25\x70\x26\
\xf0\x51\x60\xa5\x92\xb5\x25\x49\x1a\x41\x2b\xd1\x8c\x89\x67\xb6\
\x63\x64\x31\x45\x02\x40\x44\xac\x14\x11\x9f\xa2\xb9\x3d\x62\x8b\
\x12\x35\x25\x49\x1a\x23\x5b\x00\xbf\x8a\x88\x4f\x45\x44\x91\x37\
\xc8\x43\x0f\x00\x11\xf1\x34\xe0\x3c\xe0\x5f\x4b\xd4\x93\x24\x69\
\x4c\xcd\xa1\x19\x2b\xcf\x6b\xc7\xce\xa1\x17\x1b\x9a\x88\x78\x33\
\x70\x2a\xcd\x56\xbd\x92\x24\x69\x7a\x8f\x01\x4e\x6d\xc7\xd0\xa1\
\x19\x4a\x00\x88\x88\x15\x22\xe2\x6b\xc0\x41\xc0\xb2\xc3\xa8\xa1\
\x89\xe5\x4e\x69\x92\xd4\x8c\x9d\x07\x45\xc4\xd7\x22\x62\x85\x61\
\x14\x18\x78\x00\x88\x88\xf5\x69\xae\xf5\xef\x3e\xe8\xaf\xad\x4e\
\x98\x57\xbb\x01\x69\x88\x7c\x7d\xab\x5f\xbb\xd3\xac\x0d\x58\x7f\
\xd0\x5f\x78\xa0\x01\x20\x22\x36\xa4\x99\xf2\x7f\xd2\x20\xbf\xae\
\x3a\xe5\xfa\xda\x0d\x48\x43\xe4\xeb\x5b\x33\xf1\x24\x9a\x4b\x02\
\x1b\x0e\xf2\x8b\x0e\x2c\x00\x44\xc4\x93\x80\x53\x80\x47\x0d\xea\
\x6b\xaa\x93\xae\xae\xdd\x80\x34\x44\xbe\xbe\x35\x53\x8f\x02\x4e\
\x69\xc7\xda\x81\x18\x48\x00\x88\x88\xa7\xd3\x1c\x85\xf8\x88\x41\
\x7c\x3d\x75\xd6\xad\xc0\xe9\xb5\x9b\x90\x86\xe8\xa7\xb5\x1b\xd0\
\x58\x7b\x04\x70\x52\x3b\xe6\xce\xda\xac\x03\x40\xdb\xc8\xf1\xc0\
\x1a\xb3\x6f\x47\x1d\xf7\x83\xcc\xbc\xa7\x76\x13\xd2\x10\x1d\x5d\
\xbb\x01\x8d\xbd\x35\x80\xe3\x23\x62\xab\xd9\x7e\xa1\x59\x05\x80\
\x88\xd8\x18\x38\x16\x58\x79\xb6\x8d\xa8\xf3\xee\xa6\xd9\x0d\x4b\
\x9a\x58\xed\x91\xb0\x47\xd6\xee\x43\x63\x6f\x65\xe0\xb8\x88\xd8\
\x7c\x36\x5f\x64\xc6\x01\x20\x22\xd6\x05\x7e\x0c\xac\x39\x9b\x06\
\xa4\xd6\xfb\x33\xf3\xbc\xda\x4d\x48\x05\xfc\x3f\xe0\x4f\xb5\x9b\
\xd0\xd8\x5b\x0d\xf8\x49\xfb\x46\x7c\x46\x22\xb3\xff\xdb\xae\xdb\
\x63\x0c\x4f\xc6\xd5\xfe\x1a\x8c\x5f\x03\xcf\xc8\xcc\x7b\x6b\x37\
\x22\x95\x10\x11\xaf\x00\x0e\xaf\xdd\x87\x26\xc2\x35\xc0\xb3\x33\
\xf3\xca\x7e\x3f\xb1\xef\x00\x10\x11\x73\x69\x16\xb2\x6c\xd3\x6f\
\x31\x69\x31\xee\x02\xfe\x26\x33\x2f\xa8\xdd\x88\x54\x52\x44\x7c\
\x07\xd8\xb5\x76\x1f\x9a\x08\x97\x00\x4f\xcf\xcc\x5b\xfb\xf9\xa4\
\x99\x5c\x02\x78\x1f\x0e\xfe\x1a\x8c\x1b\x81\x97\x3b\xf8\xab\xa3\
\xde\x04\x7c\xbf\x76\x13\x9a\x08\x1b\x02\x87\x44\x44\xf4\xf3\x49\
\x7d\x05\x80\x88\x78\x21\xf0\x9e\x7e\x3e\x47\x5a\x82\xef\x01\x4f\
\xc8\x4c\x57\x45\xab\x93\x32\xf3\x96\xcc\xfc\x3b\xe0\x35\xc0\xcd\
\xb5\xfb\xd1\xd8\xdb\x89\x3e\xc7\xe7\x9e\x2f\x01\xb4\x8b\xfe\xce\
\x06\x1e\xde\x7f\x5f\xd2\xfd\x6e\x01\xde\x9a\x99\xdf\xa8\xdd\x88\
\x34\x2a\x22\x62\x6d\xe0\x8b\xc0\xce\xb5\x7b\xd1\x58\x9b\x0f\x6c\
\x9f\x99\xc7\xf7\xf2\x97\x7b\x0a\x00\x11\x31\x07\x38\x11\x78\xee\
\xec\x7a\x53\x07\xcd\x03\xae\x05\xce\xa2\xb9\x07\xfa\x47\x99\x79\
\x5b\xdd\x96\xa4\xd1\x14\x11\x4f\xa6\x09\x01\xdb\xd3\x9c\x08\xb7\
\x0e\x30\xb7\x66\x4f\x1a\x3b\x37\x01\x5b\x64\xe6\xb5\xd3\xfd\xc5\
\x5e\x03\xc0\x9e\xc0\xe7\x06\xd0\xd8\x30\x5d\x46\xb3\x8b\xdc\x75\
\xc0\x1f\x16\x79\xdc\x48\x93\x8c\x54\xd6\xdd\x99\x79\x47\xed\x26\
\xa4\x71\xd5\xbe\xf9\x5a\x19\xe8\xeb\xda\xae\x06\x62\x45\x9a\x00\
\xb6\xe8\xe3\xb1\xc0\x73\x80\xe5\xea\xb5\x36\xad\xef\x65\xe6\xdf\
\x4f\xf7\x97\xa6\x0d\x00\x11\xf1\x08\xe0\x22\x9a\x7b\x0e\x47\x49\
\xd2\x0c\xf8\x47\x03\x47\xb9\x90\x4c\x92\x54\x42\x44\xac\x48\x33\
\x4b\xb3\x33\xf0\x12\x46\x73\x3f\x9c\x9d\x32\xf3\x07\x53\xfd\x85\
\x5e\x02\xc0\xa1\xc0\x6b\x07\xd9\xd5\x2c\x5d\x04\x7c\x02\x38\x26\
\x33\x3d\x59\x4b\x92\x54\x4d\x7b\x6b\xfc\x33\x69\xc6\xc9\x7f\x04\
\x96\xaa\xdb\xd1\xfd\xae\x04\x36\x9b\x6a\x16\x76\xca\x00\x10\x11\
\x5b\xd3\x5c\xfb\x1f\x05\xd7\x01\xfb\x01\x5f\xc9\xcc\xfb\x2a\xf7\
\x22\x49\xd2\x83\xb4\xc7\xf5\x7e\x10\xd8\xad\x76\x2f\xad\x8f\x65\
\xe6\xbb\x96\xf4\x87\x4b\x0c\x00\xed\xb5\xa7\xf3\x80\xcd\x86\xd4\
\x58\xaf\xfe\x4c\xb3\x47\xfc\xa7\xbc\x9e\x2c\x49\x1a\x75\x11\xb1\
\x25\xcd\xb8\xb5\x75\xe5\x56\xee\xa5\xb9\xdd\xfa\x77\x8b\xfb\xc3\
\xa9\xf6\x01\x78\x25\xf5\x07\xff\xc3\x80\xc7\x65\xe6\x87\x1c\xfc\
\x25\x49\xe3\x20\x33\xcf\xcc\xcc\x6d\x68\xee\xcd\xbf\xa9\x62\x2b\
\x4b\x01\xfb\x2e\xe9\x0f\x17\x3b\x03\xd0\xbe\xfb\x3f\x1f\xd8\x74\
\x78\x7d\x4d\x69\x3e\xb0\x4f\x66\x7e\xac\x52\x7d\x49\x92\x66\x2d\
\x22\x36\x00\x8e\x01\x9e\x50\xa9\x85\x7b\x81\x8d\x33\xf3\xf7\x8b\
\xfe\xc1\x92\x66\x00\x76\xa3\xde\xe0\x3f\x8f\x66\xf5\xa2\x83\xbf\
\x24\x69\xac\x65\xe6\xe5\xc0\x33\x80\x29\x57\xe4\x0f\xd1\x52\x2c\
\x61\x87\xc0\x87\xcc\x00\xb4\x7b\x09\x9f\x0b\x3c\x71\xf8\x7d\x3d\
\xc4\xa5\xc0\xce\xed\x99\xd9\x92\x24\x4d\x84\x76\x66\xfd\xc3\xc0\
\x12\x17\xe5\x0d\xd1\x3d\xc0\x86\x8b\x9e\x18\xb8\xb8\x19\x80\x9d\
\xa9\x33\xf8\x9f\x4f\x73\x9a\x91\x83\xbf\x24\x69\xa2\x64\xe6\xfc\
\xcc\x7c\x37\xb0\x57\x85\xf2\x4b\x03\xff\xb6\xe8\x6f\x2e\x2e\x00\
\xbc\x61\xf8\xbd\x3c\xc4\x4d\x34\xef\xfc\x6f\xa9\x50\x5b\x92\xa4\
\x22\x32\xf3\x33\xd4\xd9\x59\xf7\x35\x11\xb1\xf4\xc2\xbf\xf1\xa0\
\x00\xd0\x1e\x48\xb1\x43\xd1\x96\x9a\xa9\x89\xbf\x6f\xaf\x93\x48\
\x92\x34\xe9\xf6\x06\x7e\x56\xb8\xe6\x9a\xc0\x8b\x17\xfe\x8d\x45\
\x67\x00\x5e\x47\xf9\x83\x27\xf6\xcc\xcc\x93\x0b\xd7\x94\x24\xa9\
\x8a\xcc\xbc\x97\x66\xb1\xfd\x25\x85\x4b\xef\xb1\xf0\x7f\x3c\x68\
\x11\x60\x44\x5c\x40\xd9\xd5\xff\xff\x9d\x99\x7b\x17\xac\x27\x49\
\xd2\x48\x88\x88\x4d\x80\x5f\x01\xab\x16\x2a\x79\x0f\xb0\x4e\x66\
\xfe\x09\x16\x9a\x01\x88\x88\xa7\x53\x76\xf0\xbf\x04\x78\x47\xc1\
\x7a\x92\x24\x8d\x8c\xcc\xbc\x08\x78\x77\xc1\x92\x4b\x03\x2f\x5f\
\xf0\x1f\x0b\x5f\x02\xd8\xa9\x60\x13\x00\xef\x69\xa7\x41\x24\x49\
\xea\xaa\x2f\x03\x17\x17\xac\xf7\xc2\x05\xbf\x58\x38\x00\x6c\x57\
\xb0\x81\x33\x32\xf3\xbb\x05\xeb\x49\x92\x34\x72\xda\x37\xc2\x8b\
\xdd\xa8\x67\x48\x9e\xd7\xee\x49\xd0\xac\x01\x88\x88\x55\x81\x3f\
\x51\x6e\x01\xe0\xd6\x99\xf9\xf3\x42\xb5\x24\x49\x1a\x69\x11\x71\
\x1a\xb0\x55\xa1\x72\x4f\xcd\xcc\xff\x5b\x30\x03\xb0\x0d\xe5\x06\
\xff\x1f\x3a\xf8\x4b\x92\xf4\x20\x25\x77\x08\xdc\x06\x1e\xb8\x04\
\x50\x72\xfa\x7f\xbf\x82\xb5\x24\x49\x1a\x79\x99\x79\x0a\x70\x42\
\xa1\x72\xdb\xc2\x03\x01\xe0\x39\x85\x8a\x5e\x95\x99\x67\x16\xaa\
\x25\x49\xd2\x38\x39\xa2\x50\x9d\x2d\x01\xe6\x44\xc4\x5c\x60\xe3\
\x42\x45\x8f\x2e\x54\x47\x92\xa4\x71\x53\x6a\x8c\x7c\x78\x44\xac\
\x3e\x07\xd8\x00\x58\xb6\x50\xd1\xa3\x0a\xd5\x91\x24\x69\xac\x64\
\xe6\x35\xc0\x59\x85\xca\x6d\x3c\x87\x72\x9b\xff\xfc\x19\x70\xf1\
\x9f\x24\x49\x4b\x56\x6a\x16\xa0\x68\x00\x38\x2e\x33\xef\x29\x54\
\x4b\x92\xa4\x71\x54\x6a\xa6\x7c\x93\x92\x01\xa0\xd4\xea\x46\x49\
\x92\xc6\x52\x66\x9e\x03\xdc\x5c\xa0\xd4\x46\x73\x80\x75\x0a\x14\
\x02\xb8\xb6\x50\x1d\x49\x92\xc6\x59\x89\xf1\x72\xcd\x39\xc0\x2a\
\x05\x0a\x01\xfc\xa1\x50\x1d\x49\x92\xc6\x59\x89\xf1\x72\xa5\x39\
\xc0\xca\x05\x0a\x81\x01\x40\x92\xa4\x5e\x5c\x57\xa0\xc6\x4a\xa5\
\x66\x00\xee\x03\x6e\x28\x50\x47\x92\xa4\x71\x57\x6c\x06\xa0\x44\
\x00\xf8\x63\x66\xce\x2f\x50\x47\x92\xa4\x71\x37\x51\x97\x00\xae\
\x2f\x50\x43\x92\xa4\x49\x50\x62\xcc\x5c\x69\x29\xca\x9c\x02\xe8\
\xfd\xff\x92\xa4\x19\x89\x88\x55\x80\x47\x02\xeb\x02\x2b\xd1\xbc\
\x43\xbe\x0e\xb8\x3e\x33\xef\xad\xd9\xdb\x90\x94\x18\x33\xe7\x2c\
\x55\xa0\x88\xa4\x21\x8b\x88\xe5\x80\x0d\x81\x35\x69\x66\xf5\x16\
\x3c\x56\x59\xe4\xbf\x17\x7d\x00\xdc\x36\xc5\x63\xde\x22\xff\x7d\
\x13\x70\x49\x66\xfe\xb5\xc4\xff\x97\xba\xa7\x3d\x9f\xe6\x99\xc0\
\x2e\xc0\xf6\xc0\x63\x68\x06\xfd\xc5\x99\x1f\x11\x7f\x04\x7e\x43\
\xb3\x81\xce\x31\x99\xe9\x82\xf3\x1e\x19\x00\xa4\x31\x12\x11\xeb\
\xd0\x1c\xde\xb5\xc9\x42\x1f\x37\x01\x1e\xc5\x03\xa7\x7b\x0e\xdb\
\xfc\x88\xb8\x0a\xb8\xa8\x7d\x5c\xbc\xe0\xa3\x3f\x7c\x35\x53\x11\
\xf1\x74\xe0\x2d\xc0\x4b\x80\x87\xf5\xf8\x69\x0b\xf6\xb2\x59\x07\
\x78\x31\x70\x50\x44\x9c\x09\x7c\x1b\xf8\x42\x66\xde\x31\x8c\x5e\
\x27\x45\x00\x59\xa0\xce\xe9\x99\xb9\x55\x81\x3a\xd2\x44\x88\x88\
\x95\x69\x8e\xe9\x7e\x0a\x0f\x1e\xf0\x4b\xed\xdb\x31\x53\xf3\x58\
\x28\x10\xd0\xbc\x33\x3b\x25\x33\x6f\xab\xda\x95\x46\x56\x44\x3c\
\x16\xf8\x30\xf0\xf2\x01\x7f\xe9\xeb\x80\xf7\x02\x07\x67\xe6\x7d\
\x03\xfe\xda\x43\x15\x11\x2f\x05\xbe\x3f\xf4\x3a\x18\x00\xa4\xea\
\xda\x29\xfc\x67\x02\xcf\x07\xb6\x05\x9e\xc6\xe4\xcc\xd0\xdd\x0b\
\xfc\x9a\x66\x3b\xf0\x13\x80\x5f\x78\x09\x41\x6d\xc8\x7d\x3f\xb0\
\x27\xb0\xcc\x10\x4b\x5d\x00\xbc\x3d\x33\x7f\x34\xc4\x1a\x03\x65\
\x00\x90\x26\x58\x44\x2c\x05\x3c\x9d\x66\xb0\xdf\x96\x66\xf0\x2f\
\x75\x2c\x77\x6d\x77\x01\xbf\xe4\x81\x40\x70\xc6\x84\x2e\xe4\xd2\
\x12\x44\xc4\xe3\x68\x4e\xbd\xdb\xac\x50\xc9\x04\x3e\x00\xec\x97\
\x99\x25\xc6\xbc\x59\x31\x00\x48\x13\x26\x22\xd6\xa7\x99\xe6\x7c\
\x3e\xcd\xf4\xfe\x92\x16\x36\x75\xcd\xed\xc0\x29\xc0\xcf\x80\x6f\
\x67\xe6\xd5\x95\xfb\xd1\x10\x45\xc4\xb6\xc0\x77\x80\x35\x2a\x94\
\xff\x1e\xb0\x7b\x66\xfe\xa5\x42\xed\x9e\x19\x00\xa4\x09\xd0\x4e\
\x73\xfe\x3d\xb0\x3b\xb0\x35\xcd\xbf\x39\x2d\x59\x02\x27\x01\x87\
\x00\x47\xb8\x76\x60\xb2\x44\xc4\x1b\x81\xcf\x53\xf7\xf2\xd6\x39\
\xc0\x0e\xa3\xbc\x60\xb5\x54\x00\x28\xb5\x6a\x58\xea\x8c\x88\x98\
\x1b\x11\x2f\x8a\x88\xc3\x68\x36\xf4\x38\x18\xd8\x06\x07\xff\x5e\
\x04\xcd\xf7\xea\x60\xe0\xfa\x88\x38\xac\xfd\x5e\x96\xd8\xaf\x44\
\x43\x14\x11\x3b\x02\x07\x51\x7f\x6d\xcb\xe6\xc0\x91\xed\xba\x9b\
\x4e\x33\x00\x48\x03\x12\x11\x9b\x47\xc4\x81\xc0\x35\xc0\x71\xc0\
\xab\x81\x15\xea\x76\x35\xd6\x56\xa0\xf9\x1e\x1e\x07\x5c\x13\x11\
\x07\x46\xc4\xe6\x95\x7b\xd2\x0c\x44\xc4\x66\xc0\x61\x8c\xce\x98\
\xf3\x74\xe0\x7f\x6b\x37\x51\xdb\xa8\x3c\x19\xd2\x58\x8a\x88\x55\
\x23\xe2\xed\x11\x71\x2e\x70\x36\xf0\x36\x60\xed\xca\x6d\x4d\xa2\
\xb5\x69\xbe\xb7\x67\x47\xc4\xb9\xed\xf7\x7c\xd5\xda\x4d\x69\x7a\
\x11\xb1\x06\xcd\x82\xbf\x51\xbb\x85\xf5\x35\x11\xf1\xee\xda\x4d\
\xd4\x64\x00\x90\x66\x20\x22\xd6\x8c\x88\xfd\x81\x2b\x81\x8f\x03\
\x4f\xaa\xdc\x52\x97\x3c\x89\xe6\x7b\x7e\x65\x44\xec\x1f\x11\x6b\
\xd6\x6e\x48\x53\x3a\x08\x78\x5c\xed\x26\x96\xe0\x43\x11\xb1\x65\
\xed\x26\x6a\x31\x00\x48\x7d\x88\x88\x75\xda\x69\xfe\x2b\x80\x7d\
\x01\xdf\x85\xd6\xb3\x2a\xcd\x73\x70\x45\x7b\x79\x60\x9d\xda\x0d\
\xe9\xc1\x22\xe2\x19\xc0\x6e\xb5\xfb\x98\xc2\x1c\xe0\x63\xb5\x9b\
\xa8\xc5\x00\x20\xf5\x20\x22\x1e\x1d\x11\x9f\x07\x2e\xa7\x99\x8a\
\x5e\xb1\x72\x4b\x7a\xc0\x8a\x34\xcf\xc9\xe5\x11\xf1\xf9\x88\x78\
\x74\xed\x86\x74\xbf\x8f\xd7\x6e\xa0\x07\xcf\x8b\x88\x9d\x6a\x37\
\x51\x83\x01\x40\x9a\x42\x44\x6c\x14\x11\x07\x03\x97\x02\xff\x4c\
\x77\x36\xeb\x19\x47\xcb\xd2\x3c\x47\x97\x46\xc4\xc1\x11\xb1\x51\
\xed\x86\xba\x2c\x22\xfe\x8e\x66\x83\xab\x71\xf0\x91\x2e\xde\x69\
\x62\x00\x90\x16\x23\x22\x36\x89\x88\xc3\x81\x0b\x81\xd7\x53\xff\
\xd6\x25\xf5\x6e\x29\x9a\xe7\xec\xc2\x88\x38\x3c\x22\x36\xa9\xdc\
\x4f\x57\xbd\xa7\x76\x03\x7d\xd8\x14\x78\x59\xed\x26\x4a\x33\x00\
\x48\x0b\x89\x88\x15\x22\xe2\x00\xe0\x5c\xe0\x15\xf8\x6f\x64\x9c\
\xcd\xa1\x79\x0e\xcf\x8d\x88\x03\x22\xc2\x5b\x32\x0b\x89\x88\xf5\
\x80\xa7\xd6\xee\xa3\x4f\x2f\xad\xdd\x40\x69\xfe\x70\x93\x5a\xed\
\xee\x5b\x17\x02\xef\x06\x96\xae\xdc\x8e\x06\x67\x69\x9a\xe7\xf4\
\xc2\x88\xd8\xa5\x76\x33\x1d\xb1\x73\xed\x06\x66\xe0\xc5\xed\x19\
\x1d\x9d\x61\x00\x50\xe7\x45\xc4\x06\x11\x71\x0c\xcd\xd6\x9b\x8f\
\xaa\xdd\x8f\x86\xe6\x51\x34\x3b\xc0\x1d\x13\x11\x1b\xd4\x6e\x66\
\xc2\x8d\x63\x00\x58\x1d\x78\x76\xed\x26\x4a\x32\x00\xa8\xb3\x22\
\x62\x99\x88\xd8\x17\xf8\x2d\xb0\x63\xed\x7e\x54\xcc\x8e\xc0\x6f\
\x23\x62\xdf\x88\x18\xe6\x31\xb4\x9d\x14\x11\x2b\xd2\x6c\xe7\x3c\
\x8e\x3a\xf5\x73\xc0\x00\xa0\x4e\x8a\x88\xed\x80\xf3\x80\xfd\x81\
\xe5\x2b\xb7\xa3\xf2\x96\xa7\x79\xee\xcf\x6b\x5f\x0b\x1a\x9c\x0d\
\x80\x71\x0d\x56\x9d\x5a\x30\x6a\x00\x50\xa7\x44\xc4\x5a\x11\xf1\
\x4d\xe0\xa7\x80\xb7\x89\x69\x23\xe0\xa7\x11\xf1\xcd\x88\x58\xab\
\x76\x33\x13\xe2\x91\xb5\x1b\x98\x85\x71\xee\xbd\x6f\x06\x00\x75\
\x46\x44\x6c\x4d\xb3\x5f\xff\x2b\x2b\xb7\xa2\xd1\xf3\x4a\x9a\x73\
\x06\xb6\xae\xdd\xc8\x04\x18\xe7\x41\x74\x9c\x7b\xef\x9b\x01\x40\
\x13\x2f\x22\xe6\x44\xc4\x7b\x81\x9f\x01\x6e\x17\xab\x25\x59\x07\
\xf8\x59\x44\xbc\x37\x22\xfc\xd9\x38\x73\xe3\x3c\x88\xae\xd9\xa5\
\x75\x21\xbe\xc8\x35\xd1\x22\x62\x6d\x9a\xe9\xfe\xfd\xf0\xf5\xae\
\xe9\xcd\xa1\x79\xad\xfc\xb4\x7d\xed\xa8\x7f\xe3\x7c\x38\x53\x00\
\x0f\xab\xdd\x44\x29\xfe\x40\xd4\xc4\x8a\x88\x17\x00\xe7\x00\xdb\
\xd6\xee\x45\x63\x67\x5b\xe0\x9c\xf6\x35\xa4\xfe\xdc\x54\xbb\x81\
\x59\x48\xe0\x4f\xb5\x9b\x28\xc5\x00\xa0\x89\x13\x11\x73\xdb\xa3\
\x7a\x7f\x04\xb8\xb0\x4b\x33\xb5\x16\xf0\xa3\xf6\xc8\xe1\xce\xed\
\x13\x3f\x0b\xd7\xd6\x6e\x60\x16\x6e\xca\xcc\xbb\x6b\x37\x51\x8a\
\x01\x40\x13\x25\x22\x1e\x09\x9c\x48\x73\x4c\xac\xaf\xef\x25\xbb\
\x07\xb8\xa5\x7d\xdc\x5b\xb9\x97\x51\x36\x87\xe6\xb5\x74\x62\xfb\
\xda\xd2\xf4\xae\xab\xdd\xc0\x2c\x8c\x73\xef\x7d\xeb\xd4\xb6\x87\
\x9a\x6c\x11\xb1\x2d\xf0\x2d\xc6\xfb\x1a\xe4\x4c\xdd\x09\x5c\x02\
\xfc\x0e\xb8\x18\xb8\x0c\xf8\x33\x70\x3b\x70\xdb\x42\x1f\x6f\x03\
\x6e\xcf\xcc\xbb\x16\xfe\xe4\x88\x58\x1e\x58\x19\x58\x65\x91\x8f\
\x2b\x03\xab\x01\x8f\x07\x36\xa6\xb9\x4f\xfa\x31\x40\xd7\xde\x11\
\x3f\x87\xe6\x2e\x81\x57\x64\xe6\x09\xb5\x9b\x19\x71\xe3\x3c\x03\
\x30\xce\xbd\xf7\xcd\x00\xa0\x89\x10\x11\xaf\x00\x0e\x61\x7c\x37\
\x20\xe9\xd5\xad\xc0\x99\x34\x83\xfc\x82\xc1\xfe\x62\xe0\xaa\xcc\
\xcc\x99\x7e\xd1\xcc\xbc\x93\x26\x44\xdc\x30\xdd\xdf\x8d\x88\x65\
\x69\x02\xc1\x26\xed\x63\x41\x30\xd8\x9c\xc9\xfe\xfe\xaf\x09\x1c\
\x17\x11\xbb\x67\xe6\xb7\x6a\x37\x33\xc2\x2e\xa7\x99\x61\x1a\xc7\
\xf3\x34\x2e\xae\xdd\x40\x49\x06\x00\x8d\xbd\x88\xf8\x17\xe0\x53\
\x4c\xe6\x94\xff\xed\xc0\x29\x34\x97\x35\x4e\x04\xfe\x2f\x33\xe7\
\xd7\x6c\xa8\x9d\x3d\xf8\x6d\xfb\xb8\x5f\x7b\xda\xde\x73\x80\xe7\
\xb7\x8f\x2d\x98\xbc\xe7\x64\x19\xe0\x1b\x11\xb1\x56\x66\x7e\xa6\
\x76\x33\xa3\x28\x33\x6f\x8f\x88\x93\x80\x71\x5c\x40\xf9\x83\xda\
\x0d\x94\x64\x00\xd0\x58\x8b\x88\x0f\x32\x5e\xe7\x8e\x4f\xe7\x4e\
\xe0\x97\xc0\x09\x34\x03\xfe\x99\x99\x39\x16\xd7\xe8\x33\xf3\x0e\
\xe0\xc7\xed\x83\x88\x58\x83\x66\x4f\xf8\x05\x81\x60\x52\x76\x5e\
\x9c\x03\x7c\x3a\x22\xd6\xce\xcc\x7d\x6b\x37\x33\xa2\x8e\x62\xfc\
\x02\xc0\xad\xc0\xc9\xb5\x9b\x28\xc9\x00\xa0\xb1\xd4\xae\xca\xfe\
\x22\xf0\x4f\xb5\x7b\x19\x80\xbb\x81\x63\x81\xaf\x03\xc7\x2e\x7a\
\x7d\x7e\x5c\x65\xe6\xcd\xc0\x11\xed\x83\x88\x58\x1f\x78\x39\xb0\
\x3b\xf0\xe4\x8a\xad\x0d\xca\x7b\x22\xe2\x11\xc0\x9b\x33\xf3\xbe\
\xda\xcd\x8c\x98\xa3\x81\xcf\xd6\x6e\xa2\x4f\xc7\x8e\x4b\xd8\x1e\
\x94\x49\x9b\x9e\x53\x07\x44\xc4\x72\x34\x83\xca\x38\x0f\xfe\x49\
\x33\xb5\xff\x66\x60\xed\xcc\xfc\xbb\xcc\xfc\xde\xa4\x0c\xfe\x8b\
\x93\x99\x57\x67\xe6\x81\x99\xb9\x39\xcd\xe5\x81\x4f\x00\xd7\x57\
\x6e\x6b\xb6\xfe\x09\x38\xa2\x7d\x4d\xaa\x95\x99\x57\x03\x67\xd5\
\xee\xa3\x4f\x47\xd6\x6e\xa0\x34\x03\x80\xc6\x4a\x44\xac\x46\xb3\
\xb3\xdf\x2e\xb5\x7b\x99\xa1\x8b\x80\xff\x00\x1e\x9b\x99\xcf\xcd\
\xcc\xff\xc9\xcc\x5b\x6a\x37\x55\x5a\x66\x9e\x93\x99\x6f\x07\xd6\
\x03\x5e\x0c\x1c\x4e\x73\xf9\x63\x1c\xed\x42\xb3\x73\xe0\x6a\xb5\
\x1b\x19\x31\x1f\xae\xdd\x40\x1f\x2e\x02\xbe\x5f\xbb\x89\xd2\x0c\
\x00\x1a\x1b\x11\xb1\x2e\xcd\xbb\xe6\x67\xd7\xee\xa5\x4f\x49\x33\
\x25\xfa\xcc\xcc\xdc\x34\x33\x3f\x98\x99\x57\x54\xee\x69\x24\x64\
\xe6\x7d\x99\x79\x5c\x66\xbe\x0a\x58\x1b\xd8\x93\x66\x15\xf9\xb8\
\x79\x36\x70\x4a\xfb\x1a\x15\x90\x99\x47\x00\xbf\xaa\xdd\x47\x8f\
\xf6\xe9\xe2\x65\x1c\x03\x80\xc6\x42\x44\xac\x03\x9c\x0a\x3c\xb1\
\x76\x2f\x7d\xb8\x0f\xf8\x06\xf0\xe4\xcc\xdc\x25\x33\x4f\xab\xdd\
\xd0\x28\xcb\xcc\x79\x99\xf9\x05\x9a\xc5\x82\xbb\x03\x17\x56\x6e\
\xa9\x5f\x4f\x04\x4e\x6d\x5f\xab\x6a\xbc\xb3\x76\x03\x3d\x38\x35\
\x33\x8f\xaa\xdd\x44\x0d\x06\x00\x8d\xbc\x88\x58\x95\x66\x5b\xdf\
\x0d\x6a\xf7\xd2\xa3\xbb\x81\xff\x01\x36\xce\xcc\xd7\x64\xe6\xf9\
\xb5\x1b\x1a\x27\x99\x79\x6f\x66\x1e\x4a\x33\xa0\xee\x0a\xfc\xa6\
\x72\x4b\xfd\xd8\x80\x66\xfb\xe0\x55\x6b\x37\x32\x0a\x32\xf3\x54\
\x46\xfb\xda\x7a\x32\x1e\x21\x65\x28\x0c\x00\x1a\x69\xed\xe2\xaa\
\xa3\x19\x8f\x55\xe3\x7f\x01\x3e\x09\x6c\x90\x99\x6f\xce\xcc\xcb\
\x6a\x37\x34\xce\x32\x73\x7e\x66\x1e\x91\x99\x7f\x03\xbc\x84\xe6\
\xf6\xc8\x71\xf0\x64\xe0\x68\x17\x06\xde\xef\x4d\xc0\x95\xb5\x9b\
\x58\x82\xf7\x66\xe6\xb8\x5c\xa6\x18\x38\x03\x80\x46\x56\x7b\xab\
\xdf\x37\x81\xe7\xd6\xee\x65\x1a\x09\x7c\x8d\x66\x61\xdf\xdb\x32\
\xb3\x53\xfb\x89\x97\x90\x99\x3f\xcc\xcc\x67\x01\xdb\xb1\xc8\x06\
\x44\x23\xea\xb9\x34\x1b\x06\x75\x6d\xcb\xe4\x87\xc8\xcc\x1b\x81\
\x9d\x69\x02\xf2\x28\xf9\x4e\x66\x7e\xa0\x76\x13\x35\x19\x00\x34\
\xca\xbe\x00\xbc\xb4\x76\x13\xd3\x38\x17\x78\x6e\x66\xbe\x3e\x33\
\xa7\xdd\x46\x57\xb3\x93\x99\x3f\xa3\xb9\x85\xf0\x1d\x34\xe7\x1a\
\x8c\xb2\x97\x01\x9f\xaf\xdd\xc4\x28\xc8\xcc\x73\x81\xd7\xd1\x84\
\xe5\x51\xf0\x1b\xe0\xf5\xb5\x9b\xa8\xcd\x00\xa0\x91\x14\x11\x1f\
\x00\xde\x58\xbb\x8f\x29\xcc\x03\xfe\x0d\xf8\x9b\xf6\x3a\xa7\x0a\
\x69\xd7\x08\x1c\x48\x73\xfe\xc0\xa8\xef\xc9\xff\xa6\x88\x78\x7f\
\xed\x26\x46\x41\x66\x7e\x1f\xd8\x0b\xa8\xba\x95\x35\x70\x01\xb0\
\x73\xbb\x73\x65\xa7\x19\x00\x34\x72\x22\xe2\xad\x34\xf7\xca\x8f\
\xaa\xc3\x68\x16\xf8\x7d\xaa\x8b\xb7\x0e\x8d\x8a\xcc\xbc\x2e\x33\
\x5f\x49\xb3\xcd\xf0\x45\xb5\xfb\x99\xc2\x7f\x46\xc4\x9e\xb5\x9b\
\x18\x05\x99\xf9\x59\x60\x47\x9a\x93\x2a\x6b\xf8\x01\xf0\x8c\xcc\
\xbc\xa6\x52\xfd\x91\x62\x00\xd0\x48\x69\x4f\xf5\xfb\xef\xda\x7d\
\x2c\xc1\xc5\xc0\xd6\x99\xf9\xda\xcc\x1c\xf7\x1d\xec\x26\x46\x7b\
\x3c\xef\x93\x81\x7d\x18\xbd\xeb\xcc\x0b\x7c\x26\x22\x76\xab\xdd\
\xc4\x28\xc8\xcc\xe3\x80\xad\x68\x8e\xaf\x2e\xe9\xa3\xc0\x2e\x99\
\x39\xaf\x70\xdd\x91\x65\x00\xd0\xc8\x88\x88\x6d\x69\x8e\xf4\x1d\
\xc5\xd7\xe5\xd7\x80\xa7\x66\xe6\xcf\x6b\x37\xa2\x87\xca\xcc\x7b\
\x32\xf3\x23\xc0\x53\x18\xcd\xdb\x06\xe7\x00\x87\x46\xc4\xf3\x6a\
\x37\x32\x0a\x32\xf3\x22\xe0\x6f\x69\xd6\xf9\x0c\x7b\xff\xfd\x4b\
\x80\x97\x66\xe6\xbb\x6b\x9f\xa4\x39\x6a\x46\xf1\x07\xad\x3a\x28\
\x22\xd6\xa3\xb9\x9e\x3b\x6a\xe7\xc9\xff\x05\xd8\xa3\x5d\xe4\x37\
\xaa\xef\x2e\xd5\xca\xcc\x4b\x80\x67\x00\xa3\x78\x54\xef\xb2\xc0\
\xe1\xed\x01\x42\x9d\x97\x99\xb7\x64\xe6\x9e\xc0\x66\xc0\x77\x87\
\x50\xe2\x7a\xe0\x9f\x81\xcd\xba\xba\xd1\xcf\x74\x0c\x00\xaa\x2e\
\x22\x96\xa2\xb9\xdd\x6f\xcd\xda\xbd\x2c\xe2\x3c\xe0\x69\x99\x79\
\x48\xed\x46\xd4\xbb\xcc\xbc\x2b\x33\xf7\xa2\xb9\x83\xe4\xe6\xda\
\xfd\x2c\x62\x6d\xe0\xeb\x11\xe1\xcf\xde\x56\x66\x5e\x92\x99\xbb\
\xd1\x5c\x16\x38\x14\x98\xed\xd9\x18\xbf\xa6\xd9\xdc\xe7\xf1\x99\
\x79\x50\xd7\x4e\xf8\xeb\x87\x2f\x42\x8d\x82\xfd\x19\xbd\xfd\xfd\
\xbf\x04\xfc\x6d\x3b\x55\xa9\x31\xd4\xbe\xeb\xdb\x82\x66\x0b\xe9\
\x51\xb2\x1d\xf0\x9e\xda\x4d\x8c\x9a\xcc\x3c\x3d\x33\x77\x07\xd6\
\xa2\x59\xd8\xf9\x19\x9a\xe9\xfb\xbb\xa7\xf9\xd4\x5b\x80\x9f\x01\
\xff\x02\xac\x9f\x99\x5b\x66\xe6\xc7\x9d\xb1\x9b\x5e\x50\xe6\xbe\
\xcc\xd3\x33\x73\xab\x02\x75\x34\x66\x22\x62\x07\xe0\x58\x9a\xd7\
\xe2\x28\xb8\x8d\xe6\x7c\xf7\x6f\xd6\x6e\x44\x83\xd1\x6e\xc6\xb3\
\x1f\xcd\xa0\x3b\x2a\x6f\x7a\xee\x03\xb6\xcd\xcc\x93\x6b\x37\x32\
\x0e\x22\x62\x0d\x60\x5d\x60\x1d\x60\x45\x9a\xe9\xfd\x3f\x00\xd7\
\x4f\xe2\x11\xda\x11\xf1\x52\x0a\x9c\x4e\x68\x00\x50\x35\xed\x75\
\xff\xdf\x30\x3a\x53\xff\xd7\x00\xdb\x67\xe6\x05\xb5\x1b\xd1\xe0\
\x45\xc4\xf6\xc0\x77\x80\x95\x6b\xf7\xd2\xba\x16\xd8\x22\x33\x6f\
\xaa\xdd\x88\x46\x4b\xa9\x00\x30\x2a\x69\x58\x1d\x33\x82\xd7\xfd\
\x2f\xa0\x39\xae\xd7\xc1\x7f\x42\x65\xe6\x8f\x81\xe7\x00\xa3\xb2\
\x55\xf3\x23\x81\x43\x22\x62\x54\x66\xbf\xd4\x31\x06\x00\xd5\x32\
\x4a\xd7\xfd\x4f\x03\x9e\x93\x99\x57\xd7\x6e\x44\xc3\x95\x99\xe7\
\xd0\xdc\x25\x30\x2a\x41\x6f\x07\xe0\x5d\xb5\x9b\x50\x37\x19\x00\
\x54\x5c\x7b\xdd\x7f\x54\x7e\xe8\x1d\x0b\x6c\x97\x99\xa3\xb6\x5a\
\x5c\x43\x92\x99\x57\x01\xcf\x02\x46\xe5\xfa\xfb\xfe\x11\xf1\xcc\
\xda\x4d\xa8\x7b\x0c\x00\x2a\xaa\xbd\xee\x7f\x08\xa3\xb1\xe8\xef\
\xab\x34\x1b\x84\x74\x7e\x4f\xf0\xae\xc9\xcc\x5b\x81\x17\x32\x1a\
\x67\x09\x2c\x45\xb3\x3f\xc0\xea\xb5\x1b\x51\xb7\x18\x00\x54\xda\
\x17\x19\x8d\xeb\xfe\x1f\xc9\xcc\x7f\xf0\x1e\xe1\xee\x6a\x57\x8f\
\xbf\x0a\x38\xb0\x76\x2f\xc0\xfa\x34\x5b\xd5\x4a\xc5\x18\x00\x54\
\x4c\x44\xbc\x0c\x78\x71\xed\x3e\x80\x0f\x64\xe6\x3e\xb5\x9b\x50\
\x7d\xd9\x78\x07\xf0\xbe\xda\xbd\x00\xff\x14\x11\xde\x2d\xa5\x62\
\x0c\x00\x2a\x22\x22\x56\x04\x3e\x55\xbb\x0f\xe0\x2b\x99\xf9\x5f\
\xb5\x9b\xd0\x68\xc9\xcc\xfd\x80\x83\x2a\xb7\x11\xc0\x17\xda\x7d\
\x0b\xa4\xa1\x33\x00\xa8\x94\xff\x04\x1e\x55\xb9\x87\xe3\x80\x37\
\x57\xee\x41\xa3\xeb\x2d\xc0\xf7\x2a\xf7\xb0\x05\xf0\xd6\xca\x3d\
\xa8\x23\x0c\x00\x1a\xba\x88\xd8\x14\x78\x5b\xe5\x36\xce\x02\x76\
\xf3\x9a\xbf\x96\xa4\x3d\x29\xee\xd5\x40\xed\x13\x1f\xdf\x1f\x11\
\xeb\x54\xee\x41\x1d\x60\x00\x50\x09\x9f\x03\x96\xae\x58\xff\xf7\
\xc0\x4b\xdc\x1b\x5c\xd3\x69\x17\x06\xee\x02\x9c\x53\xb1\x8d\x55\
\x80\x4f\x54\xac\xaf\x8e\x30\x00\x68\xa8\x22\xe2\x35\xc0\x36\x15\
\x5b\xb8\x09\x78\x51\x66\xfe\xb1\x62\x0f\x1a\x23\x99\xf9\x67\x9a\
\x0d\x7a\x2e\xaf\xd8\xc6\x2b\x23\xe2\xf9\x15\xeb\xab\x03\x0c\x00\
\x1a\x9a\x88\x58\x15\xf8\x78\xc5\x16\xee\x04\x76\x6a\xcf\x88\x97\
\x7a\x96\x99\x7f\x00\xb6\x07\x6e\xac\xd8\xc6\xe7\x22\x62\x99\x8a\
\xf5\x35\xe1\x0c\x00\x1a\xa6\x0f\xd0\x9c\x7f\x5e\xcb\x5e\x99\xf9\
\xab\x8a\xf5\x35\xc6\xda\xe0\xf8\x1a\x60\x7e\xa5\x16\x36\xa6\x39\
\xd7\x5e\x1a\x0a\x03\x80\x86\x22\x22\xb6\x00\xf6\xac\xd8\xc2\xe1\
\x99\xf9\xbf\x15\xeb\x6b\x02\x64\xe6\x4f\x81\x0f\x57\x6c\x61\xdf\
\x88\x78\x74\xc5\xfa\x9a\x60\x06\x00\x0d\xcb\xfe\x40\xad\xfb\x99\
\x7f\x8f\xb7\xfb\x69\x70\xde\x0b\x9c\x52\xa9\xf6\xf2\xc0\xbf\x57\
\xaa\xad\x09\x67\x00\xd0\xc0\x45\xc4\xe6\xc0\x4b\x2a\x95\xbf\x07\
\x78\x65\x66\xce\xab\x54\x5f\x13\x26\x33\xef\xa3\xd9\x32\xf8\xa6\
\x4a\x2d\xbc\x3e\x22\xd6\xad\x54\x5b\x13\xcc\x00\xa0\x61\xa8\xf9\
\x8e\x65\x9f\xcc\x3c\xb3\x62\x7d\x4d\xa0\xcc\xbc\x16\xd8\x1d\xc8\
\x0a\xe5\x97\xc5\xb5\x00\x1a\x02\x03\x80\x06\x2a\x22\x36\x04\x76\
\xab\x54\xfe\x87\xc0\x27\x2b\xd5\xd6\x84\xcb\xcc\xe3\x80\x8f\x55\
\x2a\xff\xa6\x88\x78\x78\xa5\xda\x9a\x50\x06\x00\x0d\xda\x3e\xd4\
\x79\x5d\x5d\x07\xec\x91\x99\x35\xde\xa1\xa9\x3b\xf6\x05\x4e\xab\
\x50\x77\x05\x60\xef\x0a\x75\x35\xc1\x0c\x00\x1a\x98\x88\x58\x1f\
\x78\x5d\xa5\xf2\x6f\xce\xcc\x5a\xd7\x68\xd5\x11\xed\x56\xd2\xbb\
\x03\x77\x55\x28\xff\xd6\x88\x58\xad\x42\x5d\x4d\x28\x03\x80\x06\
\xe9\x9d\xd4\xd9\xf2\xf7\x98\xcc\xfc\x41\x85\xba\xea\xa0\xcc\xbc\
\x14\xf8\x48\x85\xd2\xab\xe0\x41\x41\x1a\x20\x03\x80\x06\x22\x22\
\xd6\x02\xde\x50\xa1\xf4\x5f\x81\x7f\xad\x50\x57\xdd\xf6\x61\x9a\
\xdb\x4d\x4b\xdb\xbb\x3d\x5a\x5b\x9a\x35\x03\x80\x06\x65\x6f\x9a\
\x7b\x96\x4b\x3b\x20\x33\x6b\xee\xd9\xae\x0e\xca\xcc\xbf\x02\x7b\
\x55\x28\xfd\x30\xe0\xff\x55\xa8\xab\x09\x64\x00\xd0\xac\xb5\x7b\
\xfe\xbf\xa5\x42\xe9\xdf\x53\x67\x2a\x56\x22\x33\x8f\x05\x8e\xaa\
\x50\xfa\xed\x11\xb1\x5c\x85\xba\x9a\x30\x06\x00\x0d\xc2\x1b\x69\
\xae\x4f\x96\xb6\x57\xfb\x4e\x4c\xaa\xe5\x5f\x69\x0e\x9d\x2a\x69\
\x1d\xe0\x15\x85\x6b\x6a\x02\x19\x00\x34\x08\x7b\x54\xa8\x79\x74\
\xfb\x0e\x4c\xaa\x26\x33\xaf\x04\x3e\x58\xa1\xf4\xee\x15\x6a\x6a\
\xc2\x18\x00\x34\x2b\x11\xf1\x14\xe0\x89\x85\xcb\xfe\x15\xef\x89\
\xd6\xe8\xf8\x18\x50\xfa\xc8\xe9\xad\xdb\xdb\x6e\xa5\x19\x33\x00\
\x68\xb6\x6a\xdc\xf7\xff\xbf\x2e\xfc\xd3\xa8\xc8\xcc\xbb\x81\xf7\
\x15\x2e\x3b\x87\xe6\xa8\x62\x69\xc6\x0c\x00\x9a\xb1\x88\x98\x0b\
\xbc\xba\x70\xd9\x7b\x80\x8f\x16\xae\x29\x4d\xe7\x70\xca\xdf\x16\
\xe8\x65\x00\xcd\x8a\x01\x40\xb3\xf1\x42\xe0\x11\x85\x6b\x7e\x2d\
\x33\xaf\x2e\x5c\x53\x9a\x52\x7b\x62\x60\xe9\x3b\x52\x36\x8d\x88\
\xa7\x16\xae\xa9\x09\x62\x00\xd0\x6c\x94\x9e\xfe\xbf\x0f\x38\xa0\
\x70\x4d\xa9\x57\x5f\x05\xae\x2d\x5c\xd3\x59\x00\xcd\x98\x01\x40\
\x33\x12\x11\x2b\x03\x2f\x2d\x5c\xf6\xf0\xcc\xbc\xac\x70\x4d\xa9\
\x27\xed\x5a\x80\x03\x0b\x97\x7d\x55\x44\x2c\x55\xb8\xa6\x26\x84\
\x01\x40\x33\xb5\x2b\x65\x77\xfe\x4b\xe0\x43\x05\xeb\x49\x33\xf1\
\x3f\x40\xc9\x43\xa9\x1e\x0e\xbc\xa8\x60\x3d\x4d\x10\x03\x80\x66\
\xaa\xf4\xf4\xff\xf7\x33\xf3\x82\xc2\x35\xa5\xbe\x64\xe6\x5f\x80\
\xff\x2e\x5c\xd6\xcb\x00\x9a\x11\x03\x80\xfa\xd6\xde\x7f\xbc\x75\
\xe1\xb2\x35\x36\x5b\x91\x66\xe2\xb3\xc0\xbc\x82\xf5\x76\x6a\xb7\
\xe3\x96\xfa\x62\x00\xd0\x4c\xec\x06\x44\xc1\x7a\xa7\x65\xe6\xff\
\x15\xac\x27\xcd\x58\x66\xde\x0a\x7c\xa3\x60\xc9\xe5\x80\x9d\x0a\
\xd6\xd3\x84\x30\x00\x68\x26\xb6\x2b\x5c\xef\x90\xc2\xf5\xa4\xd9\
\x3a\xb4\x70\xbd\x6d\x0b\xd7\xd3\x04\x30\x00\xa8\x2f\xed\x8a\xe3\
\xe7\x14\x2c\x79\x17\xf0\xad\x82\xf5\xa4\x59\xcb\xcc\x5f\x52\x76\
\x63\x20\x03\x80\xfa\x66\x00\x50\xbf\xb6\x04\x56\x2a\x58\xef\x98\
\xcc\xbc\xa5\x60\x3d\x69\x50\x0e\x2b\x58\xeb\xd1\x11\xf1\xd8\x82\
\xf5\x34\x01\x0c\x00\xea\x57\xe9\x77\x1a\x4e\xff\x6b\x5c\x7d\xbd\
\x70\x3d\x67\x01\xd4\x17\x03\x80\xfa\x55\xf2\x87\xcc\x8d\xc0\x8f\
\x0a\xd6\x93\x06\x26\x33\x7f\x07\x9c\x59\xb0\xe4\xf3\x0b\xd6\xd2\
\x04\x30\x00\xa8\x67\x11\xb1\x2c\xf0\xcc\x82\x25\xbf\x99\x99\xf7\
\x14\xac\x27\x0d\x5a\xc9\x59\x80\x6d\x0a\xd6\xd2\x04\x30\x00\xa8\
\x1f\xcf\xa0\xb9\xe5\xa8\x14\xa7\xff\x35\xee\x0e\x07\xee\x2d\x54\
\xeb\x11\x11\xf1\x84\x42\xb5\x34\x01\x0c\x00\xea\x47\xc9\xe9\xff\
\x8b\x33\xf3\xac\x82\xf5\xa4\x81\xcb\xcc\x1b\x80\x9f\x15\x2c\xe9\
\x3a\x00\xf5\xcc\x00\xa0\x7e\x94\xfc\xe1\xf2\x93\x82\xb5\xa4\x61\
\x2a\xf9\x5a\x36\x00\xa8\x67\x06\x00\xf5\x24\x22\x56\x04\x9e\x5e\
\xb0\xe4\x09\x05\x6b\x49\xc3\x74\x62\xc1\x5a\xcf\x8b\x08\x7f\xae\
\xab\x27\xbe\x50\xd4\xab\x67\x01\x4b\x17\xaa\x35\x1f\x38\xa9\x50\
\x2d\x69\xd8\xce\x01\x4a\xed\x65\xb1\x3a\xb0\x45\xa1\x5a\x1a\x73\
\x06\x00\xf5\xea\xc9\x05\x6b\xfd\xa6\xdd\x4f\x5d\x1a\x7b\x99\x39\
\x1f\xf8\x79\xc1\x92\x25\xff\xad\x6a\x8c\x19\x00\xd4\xab\x8d\x0b\
\xd6\x72\xfa\x5f\x93\xa6\xe4\x65\x80\x92\xff\x56\x35\xc6\x0c\x00\
\xea\xd5\x46\x05\x6b\x19\x00\x34\x69\x4a\x06\x80\x4d\x0a\xd6\xd2\
\x18\x33\x00\xa8\x57\xa5\x02\xc0\x3d\xc0\x29\x85\x6a\x49\xa5\x9c\
\x0f\xdc\x54\xa8\x96\x33\x00\xea\x89\x01\x40\xd3\x8a\x88\x55\x80\
\xb5\x0b\x95\x3b\x23\x33\xff\x52\xa8\x96\x54\x44\x66\x26\xe5\x16\
\xb6\x3e\xbe\x3d\xb5\x53\x9a\x92\x01\x40\xbd\x28\x39\xfd\x7f\x52\
\xc1\x5a\x52\x49\x27\x17\xaa\xb3\x34\xb0\x41\xa1\x5a\x1a\x63\x06\
\x00\xf5\xa2\xe4\x94\xe2\x6f\x0b\xd6\x92\x4a\xba\xa0\x60\x2d\xd7\
\x01\x68\x5a\x06\x00\xf5\xa2\xe4\x0c\xc0\x45\x05\x6b\x49\x25\xfd\
\xae\x60\x2d\xd7\x01\x68\x5a\x06\x00\xf5\xa2\x54\x00\x48\xca\xfe\
\x90\x94\x4a\xba\x06\xb8\xa3\x50\x2d\x67\x00\x34\x2d\x03\x80\x7a\
\x51\xea\xdd\xc4\x35\x2e\x00\xd4\xa4\x6a\x17\x02\x5e\x5a\xa8\x9c\
\x33\x00\x9a\x96\x01\x40\xbd\xd8\xb0\x50\x1d\xa7\xff\x35\xe9\x4a\
\xcd\x70\x39\x03\xa0\x69\x19\x00\x34\xa5\x88\x58\x07\x58\xa9\x50\
\xb9\x8b\x0b\xd5\x91\x6a\x29\x15\x00\xd6\x8c\x88\xd5\x0b\xd5\xd2\
\x98\x32\x00\x68\x3a\x25\x7f\x88\x38\x03\xa0\x49\x57\x72\x8d\xcb\
\x1a\x05\x43\x31\x14\x12\x00\x00\x17\xea\x49\x44\x41\x54\x6b\x69\
\x0c\x19\x00\x34\x9d\x95\x0b\xd6\x72\x06\x40\x93\xae\x64\x00\x28\
\xf9\x6f\x57\x63\xc8\x00\xa0\xe9\x94\x9a\xfe\x07\x67\x00\x34\xf9\
\x2e\x29\x58\xcb\x00\xa0\x29\x19\x00\x34\x9d\x92\x3f\x44\x6e\x28\
\x58\x4b\xaa\xe1\x4f\x34\xb7\xbb\x96\x60\x00\xd0\x94\x0c\x00\x9a\
\x4e\xa9\x19\x80\xbb\x33\xf3\xee\x42\xb5\xa4\x2a\xda\x5b\x01\x6f\
\x2f\x54\xce\x00\xa0\x29\x19\x00\x34\x9d\x52\x01\xe0\xb6\x42\x75\
\xa4\xda\x0c\x00\x1a\x09\x06\x00\x4d\xa7\xd4\x0f\x91\x79\x85\xea\
\x48\xb5\x95\x0a\xbb\x06\x00\x4d\xc9\x00\xa0\xe9\x38\x03\x20\x0d\
\x96\x33\x00\x1a\x09\x06\x00\x4d\xc7\x19\x00\x69\xb0\x9c\x01\xd0\
\x48\x30\x00\x68\x3a\xce\x00\x48\x83\xe5\x0c\x80\x46\x82\x01\x40\
\xd3\x31\x00\x48\x83\x55\xea\xb5\xbe\x4a\xa1\x3a\x1a\x53\x06\x00\
\x4d\xc7\x4b\x00\xd2\x60\x95\x0a\x00\x25\x37\xf1\xd2\x18\x32\x00\
\x68\x3a\xf7\x16\xaa\xf3\xd7\x42\x75\xa4\xda\x4a\xbd\xd6\xe7\x17\
\xaa\xa3\x31\x65\x00\xd0\x74\x4a\xbd\x5b\x59\xb1\x50\x1d\xa9\xb6\
\x65\x0b\xd5\xf1\xb2\x9a\xa6\x64\x00\xd0\x74\x9c\xae\x94\x06\x6b\
\xb9\x42\x75\x4a\x2d\x36\xd4\x98\x32\x00\x68\x3a\xde\xb2\x24\x0d\
\xd6\xf2\x85\xea\x18\x00\x34\x25\x03\x80\xa6\xe3\x0c\x80\x34\x58\
\xa5\x66\x00\xbc\x04\xa0\x29\x19\x00\x34\x1d\x67\x00\xa4\xc1\x72\
\x06\x40\x23\xc1\x00\xa0\xe9\x18\x00\xa4\xc1\x72\x06\x40\x23\xc1\
\x00\xa0\xe9\x78\x09\x40\x1a\x2c\x17\x01\x6a\x24\x18\x00\x34\x1d\
\x67\x00\xa4\xc1\x2a\x75\x09\xc0\x19\x00\x4d\xc9\x00\xa0\xe9\x94\
\xfa\x21\xb2\x7c\x44\xcc\x2d\x54\x4b\xaa\xc9\x19\x00\x8d\x04\x03\
\x80\xa6\x53\xf2\x5d\xc4\x23\x0b\xd6\x92\x6a\x59\xa7\x50\x1d\x03\
\x80\xa6\x64\x00\xd0\x74\x4a\x06\x80\x8d\x0a\xd6\x92\x8a\x8b\x88\
\x47\x02\x2b\x14\x2a\xe7\x25\x00\x4d\xc9\x00\xa0\xe9\xdc\x00\x64\
\xa1\x5a\x06\x00\x4d\xba\x0d\x0b\xd6\xba\xa1\x60\x2d\x8d\x21\x03\
\x80\xa6\x94\x99\x77\x00\x57\x17\x2a\x67\x00\xd0\xa4\x2b\x15\x00\
\x6e\xca\xcc\x5b\x0a\xd5\xd2\x98\x32\x00\xa8\x17\x17\x17\xaa\x63\
\x00\xd0\xa4\x2b\x15\x00\x4a\xfd\x9b\xd5\x18\x33\x00\xa8\x17\x17\
\x15\xaa\x63\x00\xd0\xa4\x2b\x15\x00\x7e\x57\xa8\x8e\xc6\x98\x01\
\x40\xbd\x28\xf5\x6e\xe2\x31\x11\xb1\x74\xa1\x5a\x52\x0d\xce\x00\
\x68\x64\x18\x00\xd4\x8b\x52\x33\x00\x73\x81\xc7\x16\xaa\x25\x15\
\x15\x11\x01\x3c\xae\x50\x39\x67\x00\x34\x2d\x03\x80\x7a\x51\x2a\
\x00\x80\x97\x01\x34\xb9\xd6\xa7\xdc\x26\x40\x06\x00\x4d\xcb\x00\
\xa0\x69\x65\xe6\xb5\x94\xdb\x54\x64\xf3\x42\x75\xa4\xd2\x9e\x5c\
\xa8\xce\x7c\xe0\xd2\x42\xb5\x34\xc6\x0c\x00\xea\x55\xa9\x6b\x8a\
\xdb\x14\xaa\x23\x95\xb6\x75\xa1\x3a\x57\x66\xe6\x5d\x85\x6a\x69\
\x8c\x19\x00\xd4\xab\x52\x01\xe0\x99\x11\xb1\x6c\xa1\x5a\x52\x49\
\x5b\x17\xaa\xe3\x02\x40\xf5\xc4\x00\xa0\x5e\x95\x5a\x07\xb0\x1c\
\xb0\x55\xa1\x5a\x52\x11\x11\xb1\x2a\xf0\x94\x42\xe5\xbc\xfe\xaf\
\x9e\x18\x00\xd4\xab\x92\xef\x2a\xbc\x0c\xa0\x49\xf3\x1c\xca\xfd\
\xbc\x35\x00\xa8\x27\x06\x00\xf5\xea\xac\x82\xb5\x0c\x00\x9a\x34\
\x25\x5f\xd3\xbf\x2e\x58\x4b\x63\xcc\x00\xa0\x9e\x64\xe6\x65\xc0\
\x95\x85\xca\x6d\x15\x11\xcb\x17\xaa\x25\x95\xb0\x75\xa1\x3a\xf3\
\x30\x00\xa8\x47\x06\x00\xf5\xe3\x84\x42\x75\x96\x01\x9e\x55\xa8\
\x96\x34\x54\x11\xb1\x1a\xb0\x45\xa1\x72\x27\x67\xe6\x7d\x85\x6a\
\x69\xcc\x19\x00\xd4\x8f\x52\x01\x00\xbc\x0c\xa0\xc9\x51\xf2\xfa\
\x7f\xc9\x7f\xa3\x1a\x73\x06\x00\xf5\xe3\xc4\x82\xb5\x5e\x52\xb0\
\x96\x34\x4c\x25\x5f\xcb\x25\xff\x8d\x6a\xcc\x19\x00\xd4\xb3\x76\
\x47\xc0\x52\x77\x03\x6c\x1e\x11\x4f\x28\x54\x4b\x1a\x8a\x76\x4f\
\x8b\x97\x17\x2a\xf7\x27\xe0\x9c\x42\xb5\x34\x01\x0c\x00\xea\x57\
\xc9\x29\xc6\xd7\x15\xac\x25\x0d\xc3\x4e\xc0\xea\x85\x6a\x9d\x94\
\x99\x59\xa8\x96\x26\x80\x01\x40\xfd\x2a\x19\x00\x5e\xdd\x9e\xa0\
\x26\x8d\xab\xdd\x0b\xd6\xf2\xfa\xbf\xfa\x62\x00\x50\xbf\x4e\x02\
\x4a\xbd\xcb\x58\x1f\x78\x5e\xa1\x5a\xd2\x40\x45\xc4\xc3\x81\x1d\
\x0a\x96\xf4\xfa\xbf\xfa\x62\x00\x50\x5f\x32\xf3\x26\xe0\xdc\x82\
\x25\x5f\x5b\xb0\x96\x34\x48\xaf\x02\x96\x2a\x54\xeb\x0f\x99\x79\
\x61\xa1\x5a\x9a\x10\x06\x00\xcd\x44\xc9\xa9\xc6\x5d\x23\xa2\xd4\
\x19\xea\xd2\x20\x95\x9c\xfe\xf7\xdd\xbf\xfa\x66\x00\xd0\x4c\xfc\
\xb4\x60\xad\x55\x81\x1d\x0b\xd6\x93\x66\x2d\x22\x36\x03\x9e\x5a\
\xb0\xe4\x4f\x0a\xd6\xd2\x84\x30\x00\x68\x26\x8e\x07\x6e\x2a\x58\
\xcf\xbb\x01\x34\x6e\xf6\x28\x58\xeb\x4e\xe0\xfb\x05\xeb\x69\x42\
\x18\x00\xd4\xb7\xcc\xbc\x07\xf8\x66\xc1\x92\x3b\x46\xc4\x46\x05\
\xeb\x49\x33\x16\x11\x2b\x03\x6f\x2c\x58\xf2\xa8\xcc\x9c\x57\xb0\
\x9e\x26\x84\x01\x40\x33\x75\x68\xc1\x5a\x73\x80\x77\x17\xac\x27\
\xcd\xc6\x9e\x94\xbb\xf7\x1f\xca\xfe\x5b\xd4\x04\x31\x00\x68\x46\
\x32\xf3\x4c\xe0\xa2\x82\x25\x5f\x17\x11\xeb\x17\xac\x27\xf5\xad\
\x3d\xc5\xf2\x6d\x05\x4b\xfe\x11\xaf\xff\x6b\x86\x0c\x00\x9a\x8d\
\x92\xef\x3c\x96\x06\xde\x59\xb0\x9e\x34\x13\x6f\x00\xd6\x2a\x58\
\xef\x9b\x99\x79\x6f\xc1\x7a\x9a\x20\x06\x00\xcd\xc6\xd7\x29\xb7\
\x29\x10\xc0\x1b\xda\xcd\x55\xa4\x91\x13\x11\x35\x42\xaa\xd3\xff\
\x9a\x31\x03\x80\x66\x2c\x33\xaf\xa2\xd9\x19\xb0\x94\xe5\x81\x7f\
\x2b\x58\x4f\xea\xc7\xee\x34\xbb\x57\x96\xf2\xdb\xcc\xfc\xbf\x82\
\xf5\x34\x61\x0c\x00\x9a\xad\xd2\xef\x40\xf6\x8c\x88\x55\x0b\xd7\
\x94\xa6\x14\x11\x73\x81\x7d\x0a\x97\xf5\xdd\xbf\x66\xc5\x00\xa0\
\xd9\xfa\x2e\xcd\x7d\xc8\xa5\xac\x0a\xbc\xa5\x60\x3d\xa9\x17\xaf\
\x00\x1e\x5f\xb0\xde\x7c\xe0\xb0\x82\xf5\x34\x81\x0c\x00\x9a\x95\
\xcc\xbc\x0d\x38\xb2\x70\xd9\x77\x45\xc4\x23\x0a\xd7\x94\x16\xab\
\x5d\xf9\xbf\x7f\xe1\xb2\x27\x66\xe6\x35\x85\x6b\x6a\xc2\x18\x00\
\x34\x08\x5f\x2d\x5c\x6f\x55\xe0\x63\x85\x6b\x4a\x4b\xb2\x2f\xb0\
\x41\xe1\x9a\x5f\x29\x5c\x4f\x13\xc8\x00\xa0\x59\xcb\xcc\x9f\x00\
\x67\x17\x2e\xfb\xba\x88\xf0\xa8\x60\x55\x15\x11\x1b\x53\x7e\xe5\
\xff\xe5\xc0\xb7\x0b\xd7\xd4\x04\x32\x00\x68\x50\x3e\x58\xa1\xe6\
\xe7\xda\x5b\xaf\xa4\x5a\x3e\x0f\x2c\x53\xb8\xe6\x47\xbd\xf7\x5f\
\x83\x60\x00\xd0\xa0\x7c\x8f\xb2\x3b\x03\x02\x3c\x01\xd8\xbb\x70\
\x4d\x09\x80\x88\x78\x35\xb0\x6d\xe1\xb2\x7f\x00\x0e\x2e\x5c\x53\
\x13\xca\x00\xa0\x81\xc8\xcc\xf9\xc0\x87\x2a\x94\x7e\x6f\x44\xac\
\x57\xa1\xae\x3a\xac\xbd\x15\xf5\xc0\x0a\xa5\x0f\xcc\xcc\xbb\x2a\
\xd4\xd5\x04\x32\x00\x68\x90\xbe\x49\x73\x7d\xb2\xa4\x15\x81\x4f\
\x15\xae\x29\xed\x0f\xac\x5d\xb8\xe6\xcd\xc0\x17\x0b\xd7\xd4\x04\
\x33\x00\x68\x60\xda\xeb\x92\x1f\xa9\x50\xfa\xef\x23\x62\x87\x0a\
\x75\xd5\x41\x11\xf1\x34\xe0\x9f\x2b\x94\xfe\xef\xcc\xbc\xbd\x42\
\x5d\x4d\x28\x03\x80\x06\xed\x60\xe0\xda\x1a\x75\x23\xa2\xf4\x3b\
\x32\x75\x4c\x44\xac\x02\x1c\x0e\xcc\x2d\x5c\xfa\x36\xe0\x33\x85\
\x6b\x6a\xc2\x19\x00\x34\x50\x99\x79\x37\xf0\xf1\x0a\xa5\x1f\x01\
\x7c\x3d\x22\x7c\x4d\x6b\x98\xbe\x0c\x3c\xae\x42\xdd\x83\x32\xf3\
\x96\x0a\x75\x35\xc1\xfc\x61\xa9\x61\xf8\x1f\xe0\xc6\x0a\x75\x9f\
\x0f\xfc\x47\x85\xba\xea\x80\x88\x78\x2b\xb0\x6b\x85\xd2\x7f\x05\
\x3e\x51\xa1\xae\x26\x9c\x01\x40\x03\x97\x99\x77\x00\x9f\xac\x54\
\xfe\xbf\xdc\x20\x48\x83\x16\x11\x4f\xa5\xce\xaa\x7f\x80\xaf\x64\
\xe6\xf5\x95\x6a\x6b\x82\x19\x00\x34\x2c\x9f\xa1\xce\x5a\x80\xb9\
\xc0\x37\x22\xe2\xe1\x15\x6a\x6b\x02\xb5\xb7\xfc\x7d\x87\xf2\x1b\
\xfe\x00\xdc\x0a\xbc\xaf\x42\x5d\x75\x80\x01\x40\x43\xd1\xae\x56\
\xae\xb5\x49\xcf\xba\xc0\xa1\x11\x11\x95\xea\x6b\xb2\x1c\x4c\xf9\
\xbd\xfe\x17\xf8\x8f\xcc\xbc\xa1\x52\x6d\x4d\x38\x03\x80\x86\x26\
\x33\xbf\x0b\xfc\xb8\x52\xf9\xed\x81\x77\x57\xaa\xad\x09\x11\x11\
\x7b\x03\x2f\xab\x54\xfe\x2c\xe0\x0b\x95\x6a\xab\x03\x0c\x00\x1a\
\xb6\xb7\x02\xb5\x76\x2e\xfb\x60\x44\xfc\x7d\xa5\xda\x1a\x73\x11\
\xb1\x13\x75\xee\x68\x01\x98\x0f\xec\xd9\xee\xb0\x29\x0d\x85\x01\
\x40\x43\x95\x99\x97\x02\x07\x54\x2a\x3f\x07\x38\x2c\x22\xb6\xae\
\x54\x5f\x63\x2a\x22\x9e\x0d\x7c\x8b\xf2\xf7\xfb\x2f\xf0\xa5\xcc\
\x3c\xa3\x52\x6d\x75\x84\x01\x40\x25\x1c\x00\x5c\x56\xa9\xf6\xb2\
\xc0\x51\x11\xb1\x79\xa5\xfa\x1a\x33\x11\xf1\x24\xe0\x18\x60\xf9\
\x4a\x2d\xdc\x04\xbc\xa7\x52\x6d\x75\x88\x01\x40\x43\x97\x99\x7f\
\xa5\xb9\x14\x50\xcb\x2a\xc0\x8f\x22\xa2\xd6\x42\x2e\x8d\x89\x88\
\x78\x0c\xf0\x23\x60\xb5\x8a\x6d\xbc\x2b\x33\x6f\xae\x58\x5f\x1d\
\x61\x00\x50\x11\x99\xf9\x23\xe0\x88\x8a\x2d\xac\x0d\xfc\x24\x22\
\xd6\xaa\xd8\x83\x46\x58\x7b\xeb\xe8\x8f\x69\xee\x22\xa9\xe5\x17\
\xc0\x57\x2b\xd6\x57\x87\x18\x00\x54\xd2\xde\x40\xcd\xc3\x4c\x1e\
\x0f\xfc\x30\x22\x56\xaa\xd8\x83\x46\x50\xfb\x9a\xf8\x21\xb0\x51\
\xc5\x36\xee\xa5\x59\xf8\x97\x15\x7b\x50\x87\x18\x00\x54\x4c\x66\
\x5e\x43\xfd\x4d\x4d\x9e\x0a\x1c\x19\x11\x2b\x54\xee\x43\x23\xa2\
\x7d\x2d\x1c\x09\x3c\xad\x72\x2b\x9f\xce\xcc\x73\x2b\xf7\xa0\x0e\
\x31\x00\xa8\xb4\x4f\x02\x27\x57\xee\xe1\xf9\xc0\x89\xee\x16\xa8\
\xf6\x35\x70\x22\xcd\x6b\xa2\xa6\xb3\x81\x7d\x2b\xf7\xa0\x8e\x31\
\x00\xa8\xa8\xcc\xbc\x0f\x78\x15\xcd\x4a\xe7\x9a\x9e\x0e\x9c\x16\
\x11\x1b\x56\xee\x43\x95\xb4\xcf\xfd\x69\x34\xaf\x85\x9a\x6e\x03\
\x5e\xde\x2e\x96\x95\x8a\x31\x00\xa8\xb8\xcc\xbc\x0e\x78\x1d\x50\
\xfb\x5a\xe7\xe3\x80\x5f\x46\xc4\x56\x95\xfb\x50\x61\xed\x73\xfe\
\x4b\xea\x1c\xed\xbb\xa8\x37\x65\xe6\x25\xb5\x9b\x50\xf7\x18\x00\
\x54\x45\x7b\x57\xc0\x47\x6b\xf7\x01\xac\x09\x9c\x10\x11\xbb\xd4\
\x6e\x44\x65\xb4\xcf\xf5\x09\x34\xcf\x7d\x6d\x5f\xcc\xcc\xc3\x6b\
\x37\xa1\x6e\x32\x00\xa8\xa6\xff\xa0\x79\x17\x56\xdb\xf2\xc0\x11\
\x11\xb1\x67\xed\x46\x34\x5c\xed\x73\x7c\x04\xf5\x36\xf9\x59\xd8\
\xd9\xd4\x3b\x30\x4b\x32\x00\xa8\x9e\xcc\xbc\x17\x78\x25\x30\x0a\
\x9b\x9e\xcc\x05\x3e\x17\x11\x1f\x8f\x88\xa5\x6a\x37\xa3\xc1\x8a\
\x88\xa5\x22\xe2\xe3\xc0\xe7\xa8\xb7\xbd\xef\xc2\xbc\xee\xaf\xea\
\x0c\x00\xaa\x2a\x33\xaf\x06\x5e\x5f\xbb\x8f\x85\xbc\x1d\x38\x39\
\x22\x1e\x5d\xbb\x11\x0d\x46\xfb\x5c\x9e\x4c\xf3\xdc\x8e\x0a\xaf\
\xfb\xab\x3a\x03\x80\xaa\xcb\xcc\x63\x80\x4f\xd4\xee\x63\x21\xcf\
\x00\xce\xf6\x24\xc1\xf1\xd7\x3e\x87\x67\xd3\x3c\xa7\xa3\xc2\xeb\
\xfe\x1a\x09\x06\x00\x8d\x8a\x7d\x80\x51\x3a\xfd\x6c\x35\xe0\xbb\
\x11\xf1\xf9\x88\x58\xae\x76\x33\xea\x4f\x44\x2c\x17\x11\x9f\x07\
\xbe\x4b\xdd\x7d\xfd\x17\xe5\x75\x7f\x8d\x0c\x03\x80\x46\x42\x66\
\xde\x03\xec\x0a\x5c\x53\xbb\x97\x45\xfc\x33\x70\x7a\x44\x6c\x52\
\xbb\x11\xf5\xa6\x7d\xae\x4e\xa7\x79\xee\x46\xc9\xb5\xc0\x2e\x5e\
\xf7\xd7\xa8\x30\x00\x68\x64\xb4\xeb\x01\xb6\x67\x34\x16\x05\x2e\
\xec\xc9\xc0\xaf\x23\xe2\x1f\x6b\x37\xa2\xa9\xb5\xcf\xd1\xaf\x69\
\x9e\xb3\x51\x72\x0b\xf0\xa2\xcc\xbc\xaa\x76\x23\xd2\x02\x06\x00\
\x8d\x94\xcc\xbc\x00\xd8\x09\xb8\xb3\x76\x2f\x8b\x58\x11\xf8\x72\
\x44\x9c\x10\x11\x9b\xd5\x6e\x46\x0f\x16\x11\x9b\x45\xc4\x09\xc0\
\x97\x69\x9e\xab\x51\x72\x27\xb0\x53\x66\x9e\x5f\xbb\x11\x69\x61\
\x06\x00\x8d\x9c\xcc\xfc\x25\xf0\x72\x9a\xd3\xd1\x46\xcd\x36\x34\
\x0b\x04\x3f\xea\xa9\x82\xf5\x45\xc4\x4a\x11\xf1\x51\x9a\x6b\xeb\
\xdb\xd4\xee\x67\x31\xee\x03\x5e\x91\x99\xbf\xa8\xdd\x88\xb4\x28\
\x03\x80\x46\x52\x66\xfe\x00\x78\x63\xed\x3e\x96\x60\x69\xe0\x9d\
\xc0\x85\x11\xb1\x5b\xed\x66\xba\xaa\xfd\xde\x5f\x48\xf3\x5c\x2c\
\x5d\xb9\x9d\x25\x79\x63\x7b\x97\x8b\x34\x72\x0c\x00\x1a\x59\x99\
\xf9\x55\x9a\xbb\x03\x46\xd5\x7a\xc0\xb7\x23\xe2\x27\x11\xb1\x71\
\xed\x66\xba\x22\x22\x36\x8e\x88\x9f\x00\xdf\xa6\x79\x0e\x46\xd5\
\xbf\x67\xe6\xc1\xb5\x9b\x90\x96\xc4\x00\xa0\x91\x96\x99\x1f\x01\
\x3e\x55\xbb\x8f\x69\xbc\x00\x38\x37\x22\x3e\x16\x11\x6b\xd5\x6e\
\x66\x52\x45\xc4\x5a\x11\xf1\x31\xe0\x5c\x9a\xef\xf9\x28\xfb\x54\
\x66\x1e\x50\xbb\x09\x69\x2a\x06\x00\x8d\x83\xb7\x01\xdf\xa8\xdd\
\xc4\x34\x96\x01\xde\x01\x5c\x11\x11\x9f\x8e\x88\xf5\x6b\x37\x34\
\x29\x22\x62\xfd\x88\xf8\x34\x70\x05\xcd\xf7\x78\x99\xba\x1d\x4d\
\xeb\x1b\x34\xaf\x59\x69\xa4\x19\x00\x34\xf2\x32\x33\x69\xb6\x0b\
\x3e\xb6\x72\x2b\xbd\x58\x1e\xf8\x17\xe0\xd2\x88\xf8\x52\x44\x3c\
\xbe\x76\x43\xe3\x2a\x22\x1e\x1f\x11\x5f\x02\x2e\xa5\xf9\x9e\x8e\
\xc2\x01\x3e\xd3\x39\x16\x78\x7d\xfb\x9a\x95\x46\x9a\x01\x40\x63\
\xa1\xdd\x28\xe8\xa5\xc0\xa1\xb5\x7b\xe9\xd1\x32\xc0\x1b\x80\x8b\
\x22\xe2\xb0\x88\x78\x42\xed\x86\xc6\x45\x44\x3c\x21\x22\x0e\x03\
\x2e\xa2\xf9\x1e\x8e\xfa\x3b\xfe\x05\x0e\x05\x5e\xda\xbe\x56\xa5\
\x91\x67\x00\xd0\xd8\x68\x4f\x0f\xdc\x03\x38\xb0\x76\x2f\x7d\x98\
\x0b\xbc\x1a\x38\x2f\x22\x8e\x8a\x88\x9d\x22\x62\x54\x57\xac\x57\
\x13\x11\x4b\xb7\xdf\x9b\xa3\x80\xf3\x68\xbe\x67\xa3\x70\x6a\x5f\
\xaf\x0e\x04\xf6\x68\x5f\xa3\xd2\x58\xf0\xd8\x53\x8d\x95\x76\x6a\
\xf5\x1d\x11\xf1\x47\xe0\x23\x40\x54\x6e\xa9\x57\x01\xec\xdc\x3e\
\x6e\x8c\x88\x6f\x02\x87\x64\xe6\x59\x75\xdb\xaa\x2b\x22\x9e\x0a\
\xec\x0e\xbc\x0a\x78\x78\xe5\x76\x66\x22\x81\x77\x65\xe6\xc7\x6b\
\x37\x22\xf5\x2b\x68\x5e\xc0\xc3\x76\x7a\x66\x6e\x55\xa0\x8e\x3a\
\x24\x22\xf6\x00\xfe\x97\xf1\x0e\xb2\x17\x00\x87\x00\x87\x65\xe6\
\xa8\x9d\x83\x30\x14\x11\xb1\x1e\xf0\x1a\x9a\x81\x7f\x9c\x77\x55\
\xbc\x17\xf8\xc7\xcc\x1c\x97\xcb\x52\x1a\x13\x11\xf1\x52\xe0\xfb\
\x43\xaf\x83\x01\x40\x63\x2c\x22\x5e\x42\x73\x3f\xf8\x0a\xb5\x7b\
\x99\xa5\xf9\xc0\x09\x34\xff\x2f\xc7\x67\xe6\xe5\x95\xfb\x19\xa8\
\x88\xd8\x00\xd8\x8e\x66\x87\xc7\x6d\x19\xff\xcb\x8f\x77\x00\xbb\
\x66\xe6\x71\xb5\x1b\xd1\xe4\x29\x15\x00\xc6\xf9\x9d\x93\x44\x66\
\x1e\x1b\x11\xdb\x01\x3f\x00\xd6\xa8\xdd\xcf\x2c\xcc\xa1\x19\x20\
\xb7\x03\x88\x88\xcb\x81\x9f\xb5\x8f\x13\x32\xf3\x86\x8a\xbd\xf5\
\xad\xdd\x0f\x61\x5b\xe0\xf9\xed\x63\x83\xba\x1d\x0d\xd4\x9f\x80\
\x1d\x33\xf3\x57\xb5\x1b\x91\x66\xc3\x19\x00\x4d\x84\xf6\x80\x9e\
\x1f\x33\xda\x3b\xc3\xcd\x54\x02\xe7\xf3\x40\x20\xf8\x65\x66\x8e\
\xd4\x89\x89\x11\xb1\x06\xf0\x4c\x1e\x18\xf0\x9f\xc8\xf8\xac\xcf\
\xe8\xc7\x55\xc0\xf6\x99\x79\x51\xed\x46\x34\xb9\xbc\x04\x20\xf5\
\xa9\xdd\x7c\xe7\x08\x60\xcb\xda\xbd\x14\x70\x23\x70\x31\xcd\xad\
\x72\x17\x2d\xf4\xeb\xcb\x33\xf3\xbe\x61\x14\x8c\x88\xb9\x34\xef\
\xe4\x37\x01\x36\x6e\x3f\x2e\xf8\xf5\x38\x2e\xe0\xeb\xd7\xa9\x34\
\x07\xfb\x5c\x57\xbb\x11\x4d\x36\x2f\x01\x48\x7d\xca\xcc\xab\x23\
\xe2\xd9\xc0\x47\x81\x7f\xad\xdd\xcf\x90\x3d\xbc\x7d\x3c\x7b\x91\
\xdf\xbf\x3b\x22\x2e\xa5\xd9\x3c\xe7\x56\xe0\xb6\xf6\x31\x6f\x91\
\x8f\x0b\x7e\x0d\xb0\x0a\xb0\x72\xfb\x58\x65\x91\x8f\x2b\x03\xab\
\x01\x8f\x6f\x1f\xe3\x72\x4f\xfe\x20\x25\xf0\x61\xe0\xbf\x86\x15\
\xae\xa4\x1a\x0c\x00\x9a\x28\x99\x79\x37\xb0\x77\x44\x9c\x04\x1c\
\x4c\x33\x78\x75\xc9\x32\x34\x2b\xeb\xc7\x79\x75\xfd\x28\xb9\x01\
\x78\x5d\x66\xfe\xa4\x76\x23\xd2\xa0\x8d\xfb\x4a\x5c\x69\xb1\x32\
\xf3\x48\xe0\x29\xc0\x19\xb5\x7b\xd1\xd8\x3a\x11\xd8\xc2\xc1\x5f\
\x93\xca\x00\xa0\x89\x95\x99\x57\x00\xcf\x01\xfe\xbb\x72\x2b\x1a\
\x2f\xf3\x81\xf7\x01\xdb\x65\xe6\x1f\x6a\x37\x23\x0d\x8b\x01\x40\
\x13\x2d\x33\xef\xce\xcc\xbd\x81\x97\xd1\x5c\x13\x97\xa6\x72\x3d\
\xcd\xc0\xbf\x5f\x66\xce\xaf\xdd\x8c\x34\x4c\x06\x00\x75\x82\x97\
\x04\xd4\x83\x9f\x02\x9b\x67\xe6\x89\xb5\x1b\x91\x4a\x30\x00\xa8\
\x33\x16\xba\x24\xf0\x01\xe0\xae\xba\xdd\x68\x84\xdc\x02\xfc\x3f\
\x9a\xfb\xfb\xc7\x6a\xc3\x25\x69\x36\x0c\x00\xea\x94\xf6\x92\xc0\
\x7f\x01\x4f\x02\x5c\xdc\xd5\x6d\x09\x7c\x15\xd8\x38\x33\xbf\xd8\
\x1e\x34\x25\x75\x86\x01\x40\x9d\x94\x99\x97\x64\xe6\xf6\xc0\x6e\
\xc0\xb5\xb5\xfb\x51\x71\xe7\x03\xcf\xcd\xcc\x7f\xc8\xcc\x1b\x6b\
\x37\x23\xd5\x60\x00\x50\xa7\x65\xe6\x77\x69\x76\xb3\x3b\x90\xe6\
\x74\x37\x4d\xb6\xdb\x81\x77\x00\x4f\xc9\xcc\x53\x6b\x37\x23\xd5\
\x64\x00\x50\xe7\x65\xe6\xed\x99\xf9\x0e\x9a\x45\x82\xa7\xd4\xee\
\x47\x43\x73\x04\xb0\x69\x66\x1e\x98\x99\x86\x3d\x75\x9e\x01\x40\
\x6a\x65\xe6\xf9\x99\xf9\x5c\x60\x0f\x9a\x1d\xe0\x34\x19\x2e\x03\
\x76\xc8\xcc\x5d\x33\xf3\x9a\xda\xcd\x48\xa3\xc2\x00\x20\x2d\x22\
\x33\x0f\xa1\x39\xe0\xe6\x43\xc0\x9f\x2b\xb7\xa3\x99\xbb\x02\xf8\
\x67\xe0\x09\x99\xf9\xa3\xca\xbd\x48\x23\xc7\x00\x20\x2d\x46\x66\
\xde\x9a\x99\xfb\x02\x8f\x02\xde\x43\x73\xfa\x9e\xc6\xc3\xc5\xc0\
\xeb\x81\x0d\x33\xf3\xa0\xcc\xf4\x96\x4f\x69\x31\x0c\x00\xd2\x14\
\x32\x73\x5e\x66\x7e\x18\x78\x34\xcd\x09\x83\x57\x57\x6e\x49\x4b\
\x76\x0e\xf0\x0a\x60\xb3\xcc\xfc\x9a\xd7\xf9\xa5\xa9\x19\x00\xa4\
\x1e\x64\xe6\x9d\x99\xf9\x69\xe0\x71\xc0\x3f\x01\x97\x54\x6e\x49\
\x0f\x38\x1d\xd8\x39\x33\xb7\xc8\xcc\x6f\xbb\x85\xaf\xd4\x1b\x03\
\x80\xd4\x87\xcc\xbc\x27\x33\xbf\x42\x73\xeb\xe0\x2b\x69\xde\x75\
\xaa\x8e\x93\x80\x17\x64\xe6\x56\x99\x79\x4c\xed\x66\xa4\x71\x63\
\x00\x90\x66\x20\x33\xe7\x67\xe6\xb7\x32\x73\x0b\xe0\x45\xc0\xb7\
\x80\x3b\x2b\xb7\xd5\x05\x37\x02\x9f\x01\x9e\x96\x99\xdb\x64\xe6\
\xf1\xb5\x1b\x92\xc6\xd5\x52\xb5\x1b\x90\xc6\x5d\x66\xfe\x18\xf8\
\x71\x44\xac\x02\xec\x0a\xec\x0e\x3c\x17\x88\xaa\x8d\x4d\x8e\xbb\
\x80\xa3\x81\x43\x81\xe3\xbc\xb6\x2f\x0d\x86\x01\x40\x1a\x90\xcc\
\x9c\x07\x7c\x05\xf8\x4a\x44\x3c\x1a\x78\x2d\xf0\x3a\x9a\x5b\x0a\
\xd5\x9f\x04\x7e\x01\x1c\x02\x7c\x27\x33\x3d\xca\x59\x1a\x30\x2f\
\x01\x48\x43\x90\x99\x57\x66\xe6\x07\x33\x73\x13\xe0\xe9\xc0\x67\
\x81\x9b\x2a\xb7\x35\x0e\x2e\x05\xde\x0b\x3c\x2e\x33\x9f\x93\x99\
\x5f\x72\xf0\x97\x86\xc3\x19\x00\x69\xc8\x32\xf3\x4c\xe0\xcc\x88\
\x78\x1b\xb0\x5d\xfb\xd8\x16\xd8\x1c\x2f\x13\xfc\x05\x38\x15\x38\
\x01\xf8\x59\x66\x9e\x55\xb9\x1f\xa9\x33\x0c\x00\x52\x21\x99\x79\
\x0f\x70\x5c\xfb\x20\x22\x1e\x06\x6c\x0d\x6c\x43\x13\x08\x36\xad\
\xd6\x5c\x39\x77\x03\xa7\xd1\x0c\xf8\x27\x00\xa7\xb7\xdf\x17\x49\
\x85\x19\x00\xa4\x4a\x32\xf3\x4f\x34\x07\xd4\x1c\x01\x10\x11\x6b\
\xd3\x04\x81\x05\x81\xe0\xb1\xf5\xba\x1b\x98\xfb\x80\xb3\x78\x60\
\xc0\x3f\x35\x33\xbd\x5b\x42\x1a\x01\x06\x00\x69\x44\x64\xe6\xf5\
\xc0\x37\xda\x07\xed\x42\xc2\xa7\x00\x1b\xb5\x8f\x8d\xdb\x8f\x6b\
\xd5\xea\x71\x0a\xf7\x02\xbf\x07\x2e\xa2\xd9\x8a\x77\xc1\xc7\xf3\
\xda\xc5\x91\x92\x46\x8c\x01\x40\x1a\x51\x99\x79\x25\x70\xe5\xa2\
\xbf\x1f\x11\xab\xf1\xd0\x50\xb0\x31\xb0\x21\xb0\xc2\x90\xdb\xba\
\x99\x66\x60\x5f\x30\xc8\x2f\x18\xe8\x2f\x73\x2a\x5f\x1a\x2f\x06\
\x00\x69\xcc\xb4\xab\xe2\xcf\x68\x1f\x0f\x12\x11\xcb\x03\x2b\x01\
\x2b\xb7\x1f\x17\xfe\xf5\xe2\x7e\x0f\xe0\xb6\x29\x1e\xf3\x16\xfa\
\xf5\xed\x6e\xb3\x2b\x4d\x0e\x03\x80\x34\x41\xda\xeb\xeb\x77\xe2\
\xe9\x85\x92\xa6\x31\x07\x28\x31\x6d\xb7\x62\x81\x1a\x92\x24\x4d\
\x82\x7d\x0b\xd4\xb8\x7b\x0e\x70\x7b\x81\x42\xeb\x14\xa8\x21\x49\
\xd2\x24\xd8\xa0\x40\x8d\xdb\x4a\x05\x80\x35\x22\x62\x99\x02\x75\
\x24\x49\x1a\x5b\xed\x58\xb9\x46\x81\x52\xf3\x4a\x05\x80\x00\xd6\
\x2e\x50\x47\x92\xa4\x71\xb6\x36\x65\x76\x08\x2d\x16\x00\xc0\xcb\
\x00\x92\x24\x4d\xa7\xd4\x58\x69\x00\x90\x24\x69\x84\x14\x0d\x00\
\xd7\x15\x2a\x36\x09\xdb\x9a\x4a\x92\x34\x4c\xa5\xc6\xca\x2b\xe7\
\xd0\xec\xe2\x55\xc2\x0e\x85\xea\x48\x92\x34\xae\x4a\x8d\x95\x17\
\x96\x0c\x00\xcf\x8b\x88\x55\x0b\xd5\x92\x24\x69\xac\xb4\x63\xe4\
\xf3\x0a\x95\xbb\x70\x0e\xcd\x5e\xde\x25\x2c\x8d\xb3\x00\x92\x24\
\x2d\xc9\x0e\x34\x63\x65\x09\x17\xce\x01\x2e\x01\xb2\x50\xc1\x5d\
\x0a\xd5\x91\x24\x69\xdc\x94\x1a\x23\xff\x9c\x99\xd7\xcd\x69\xf7\
\x0e\x7f\xc8\x89\x63\x43\xb2\x43\x44\x94\x4a\x37\x92\x24\x8d\x85\
\x76\x6c\x2c\x35\x4b\x7e\x3e\x34\x67\x01\x00\xfc\xa2\x50\xd1\x55\
\x81\x1d\x0b\xd5\x92\x24\x69\x5c\xec\x48\x33\x46\x96\x70\x22\x3c\
\x10\x00\x4e\x2c\x54\x14\xe0\x03\x11\x31\xb7\x60\x3d\x49\x92\x46\
\x56\x3b\x26\x7e\xa0\x60\xc9\xe3\xe1\x81\x00\x70\x42\xc1\xc2\x4f\
\x00\xf6\x28\x58\x4f\x92\xa4\x51\xb6\x07\xcd\xd8\x58\xc2\x5f\x80\
\xd3\x00\x22\xb3\x59\xff\x17\x11\x57\x00\x8f\x2e\xd4\xc0\x35\xc0\
\x46\xed\xfa\x03\x49\x92\x3a\x29\x22\x96\x07\x7e\x07\xac\x57\xa8\
\xe4\x71\x99\xf9\x62\x78\x60\x06\x00\xca\x5e\x06\x58\x0f\xd8\xab\
\x60\x3d\x49\x92\x46\xd1\x5e\x94\x1b\xfc\xa1\x9d\xfe\x87\x07\xcf\
\x00\xec\x0a\x7c\xa7\x60\x13\xb7\xd2\xcc\x02\xdc\x58\xb0\xa6\x24\
\x49\x23\x21\x22\x1e\x4e\xf3\xee\x7f\xb5\x42\x25\x13\x78\x5c\x66\
\x5e\x0e\x0f\x9e\x01\x38\x06\xb8\xa5\x50\x13\xd0\xfc\x0f\x7f\xc7\
\xdb\x02\x25\x49\x5d\xd3\x8e\x7d\xdf\xa1\xdc\xe0\x0f\x70\xd2\x82\
\xc1\x1f\x16\x0a\x00\x99\x79\x17\xf0\xad\x82\x8d\x40\xb3\xe5\xe1\
\x67\x0b\xd7\x94\x24\xa9\xb6\xcf\x52\x6e\xdb\xdf\x05\x0e\x5e\xf8\
\x3f\xee\xbf\x04\x00\x10\x11\x5b\xd1\xae\x0e\x2c\x6c\xaf\xcc\xfc\
\x4c\x85\xba\x92\x24\x15\x15\x11\xff\x02\x7c\xba\x70\xd9\xdb\x80\
\xb5\x33\xf3\x8e\x05\xbf\xb1\xf0\x25\x00\x32\xf3\x57\x94\x3b\x1c\
\x68\x61\x9f\x8c\x88\x17\x54\xa8\x2b\x49\x52\x31\xed\x58\xf7\xc9\
\x0a\xa5\xbf\xb5\xf0\xe0\x0f\x8b\x04\x80\xd6\x97\x0b\x35\xb3\xb0\
\xb9\xc0\xb7\x23\x62\xcb\x0a\xb5\x25\x49\x1a\xba\x76\x8c\xfb\x36\
\xcd\x98\x57\xda\x41\x8b\xfe\xc6\xe2\x02\xc0\x41\xc0\xcd\xc3\xef\
\xe5\x21\x56\x03\x4e\x8e\x88\xd7\x54\xa8\x2d\x49\xd2\xd0\xb4\x63\
\xdb\xc9\x94\x5d\xf4\xb7\xc0\x0f\x33\xf3\xac\x45\x7f\xf3\x21\x01\
\x20\x33\x6f\xa3\xce\xf4\x04\xc0\x72\xc0\xd7\x23\xe2\x80\x88\x58\
\x5c\x38\x91\x24\x69\x6c\x44\xc4\x9c\x88\x38\x00\xf8\x3a\xcd\x18\
\x57\xc3\xfb\x17\xf7\x9b\x0f\x5a\x04\x78\xff\x6f\x46\xac\x0a\x5c\
\x41\x9d\xa4\xb2\xc0\x0f\x80\x57\xb7\x81\x44\x92\xa4\xb1\x12\x11\
\x2b\x03\xdf\xa0\xee\x21\x78\x3f\xc9\xcc\xed\x17\xf7\x07\x8b\x7d\
\x97\x9d\x99\x7f\xa6\xfc\x0a\xc5\x45\xed\x08\x9c\x11\x11\xdb\x55\
\xee\x43\x92\xa4\xbe\xb4\x63\xd7\x19\xd4\x3f\x01\xf7\x7d\x4b\xfa\
\x83\xc5\xce\x00\x00\x44\xc4\xea\xc0\x25\xc0\xc3\x86\xd4\x54\x3f\
\x7e\x0a\xbc\x3b\x33\x7f\x53\xbb\x11\x49\x92\x96\x24\x22\x9e\x02\
\x7c\x04\x18\x85\x3b\xdb\x8e\xcd\xcc\x25\x06\x90\x25\x5e\x67\xcf\
\xcc\x5b\x80\x77\x0d\xa5\xa5\xfe\xbd\x00\x38\x2b\x22\x0e\x8b\x88\
\x0d\x6a\x37\x23\x49\xd2\xc2\x22\x62\x83\x88\x38\x0c\x38\x8b\xd1\
\x18\xfc\xef\x64\x9a\x33\x77\x96\x38\x03\x00\x10\x11\x01\xfc\x1c\
\x78\xce\x60\xfb\x9a\x95\xbb\x81\xef\x02\x47\x01\x3f\xca\xcc\x79\
\x95\xfb\x91\x24\x75\x50\x44\xac\x02\xbc\x08\xd8\x05\xd8\x15\x58\
\xa6\x6e\x47\x0f\xf2\x9f\x99\xb9\xff\x54\x7f\x61\xca\x00\x00\x10\
\x11\x9b\x01\x67\x03\xa3\xb8\x67\xff\xdd\xc0\x49\x34\x61\xe0\xe8\
\xcc\xbc\xa6\x6e\x3b\x92\xa4\x49\x16\x11\xeb\x01\x3b\xd3\x0c\xfa\
\x5b\x33\x5a\x83\xfe\x02\xbf\x03\x9e\x94\x99\x77\x4f\xf5\x97\xa6\
\x0d\x00\x00\x11\xf1\x21\xe0\xdf\x07\xd4\xd8\x30\x5d\xd7\x3e\xfe\
\xb0\xc8\xe3\x46\x60\x7e\xc5\xbe\x24\x49\xe3\x63\x0e\xf0\x70\x60\
\x9d\x45\x1e\xeb\xb6\x8f\x51\xb7\x5d\x66\xfe\x6c\xba\xbf\xd4\x6b\
\x00\x58\x0e\xf8\x25\xf0\x94\x01\x34\x26\x49\x92\x86\xe3\xf3\x99\
\xf9\x96\x5e\xfe\x62\x4f\x01\x00\x9a\x05\x0e\x34\x8b\x1b\x56\x9f\
\x45\x63\x92\x24\x69\x38\xfe\x0f\x78\x66\x7b\xba\xef\xb4\x7a\xde\
\x6d\xaf\x3d\x43\xf8\x75\x40\x6f\x89\x41\x92\x24\x95\x32\x0f\x78\
\x79\xaf\x83\x3f\xf4\x11\x00\x00\x32\xf3\x58\x60\xca\x55\x85\x92\
\x24\xa9\xb8\x7f\xca\xcc\xcb\xfa\xf9\x84\x9e\x2f\x01\xdc\xff\x09\
\xcd\x1e\xfd\x47\x02\x3b\xf5\xf5\x89\x92\x24\x69\x18\x3e\x91\x99\
\x6f\xef\xf7\x93\xfa\x0e\x00\x70\xff\xa2\xc0\x1f\x02\xdb\xf4\xfd\
\xc9\x92\x24\x69\x50\x0e\xa7\x39\x37\xa7\xef\xc1\x7c\x46\x01\x00\
\x20\x22\x56\x02\x8e\x07\xfe\x76\x46\x5f\x40\x92\x24\xcd\xc6\xf1\
\xc0\x4b\xa6\xbb\xdf\x7f\x49\x66\x1c\x00\xe0\xfe\xf3\x02\x4e\x02\
\x9e\x3c\xe3\x2f\x22\x49\x92\xfa\x75\x16\xb0\x75\x66\xde\x3e\xd3\
\x2f\xd0\xd7\x22\xc0\x45\xb5\xe7\x05\xbc\x00\x38\x7f\x36\x5f\x47\
\x92\x24\xf5\xec\x02\x60\x87\xd9\x0c\xfe\x30\xcb\x00\x00\x90\x99\
\x37\x00\xcf\x05\x4e\x9d\xed\xd7\x92\x24\x49\x53\x3a\x0b\x78\x5e\
\x66\xde\x38\xdb\x2f\x34\xeb\x00\x00\xf7\xcf\x04\xbc\x10\x38\x7a\
\x10\x5f\x4f\x92\x24\x3d\xc4\xa9\xc0\xb6\x99\x79\xd3\x20\xbe\xd8\
\x40\x02\x00\x40\x66\xde\x09\xfc\x1d\xf0\xe5\x41\x7d\x4d\x49\x92\
\x04\xc0\x8f\x81\xed\x07\x79\x02\xee\xc0\x02\x00\x40\x66\xde\x97\
\x99\x6f\x00\xde\x09\xdc\x3b\xc8\xaf\x2d\x49\x52\x47\x7d\x19\xd8\
\x39\x33\xef\x18\xe4\x17\x9d\xd5\x5d\x00\x53\x7e\xe1\x88\x67\x00\
\xdf\x02\xd6\x1f\x4a\x01\x49\x92\x26\xdb\x5f\x81\xb7\x64\xe6\x57\
\x86\xf1\xc5\x87\x16\x00\x00\x22\x62\x0d\xe0\x10\xe0\x25\x43\x2b\
\x22\x49\xd2\xe4\xb9\x0c\xd8\x35\x33\xcf\x1e\x56\x81\x81\x5e\x02\
\x58\x54\x66\xde\x4c\xb3\x65\xf0\xdb\x80\xbf\x0c\xb3\x96\x24\x49\
\x13\xe2\x08\xe0\x69\xc3\x1c\xfc\x61\xc8\x33\x00\x0f\x2a\x14\xf1\
\x28\xe0\xd3\xc0\x2e\x45\x0a\x4a\x92\x34\x5e\xae\x05\xde\x9a\x99\
\x47\x96\x28\x36\xd4\x19\x80\x85\x65\xe6\x55\x99\xf9\x52\x60\x67\
\xe0\xca\x52\x75\x25\x49\x1a\x71\xf3\x81\xcf\x02\x9b\x96\x1a\xfc\
\xa1\xe0\x0c\xc0\x83\x8a\x46\xac\x00\xbc\x03\xd8\x1b\x58\xbd\x78\
\x03\x92\x24\x8d\x86\xd3\x80\x7f\xcb\xcc\xd3\x4b\x17\xae\x12\x00\
\xee\x2f\x1e\xb1\x0a\xf0\x56\x9a\x35\x02\x0f\xab\xd6\x88\x24\x49\
\x65\x9d\x02\xbc\x3f\x33\x8f\xaf\xd5\x40\xd5\x00\x70\x7f\x13\x11\
\x2b\x02\x7b\x02\xff\x06\xac\x53\xb9\x1d\x49\x92\x86\xe5\x04\x9a\
\x81\xff\xe7\xb5\x1b\x19\x89\x00\xb0\x40\x44\xcc\x05\xb6\x07\xf6\
\xa0\x59\x2c\xb8\x6c\xdd\x8e\x24\x49\x9a\xb5\x3f\x00\x5f\x07\x0e\
\xc9\xcc\x91\x39\x3c\x6f\xa4\x02\xc0\xc2\x22\x62\x35\xe0\x95\xc0\
\x6b\x81\xad\x80\xb9\x75\x3b\x92\x24\xa9\x67\x77\x00\x47\x01\x5f\
\x03\x8e\xcf\xcc\xfb\x2a\xf7\xf3\x10\x23\x1b\x00\x16\x16\x11\xab\
\x03\xdb\xd2\x1c\x38\xf4\x42\xe0\x31\x55\x1b\x92\x24\xe9\xc1\xee\
\x06\x4e\x07\x4e\xa4\x99\xe6\xff\x55\x66\xde\x55\xb7\xa5\xa9\x8d\
\x45\x00\x58\x54\x44\x6c\x08\xfc\x2d\xb0\xe9\x42\x8f\xc7\x03\x4b\
\xd5\xec\x4b\x92\xd4\x09\xd7\x02\xbf\x6b\x1f\x97\x00\xe7\x00\xbf\
\x1c\xf4\x5e\xfd\xc3\x36\x96\x01\x60\x71\x22\x62\x69\xe0\xb1\xc0\
\x9a\xc0\x2a\x8b\x3c\x56\xa4\xe0\x9e\x07\x92\xa4\xb1\x36\x9f\x66\
\xf7\xda\x79\xc0\x6d\x0b\x7d\xbc\x05\xb8\x3c\x33\x27\x62\x67\xdb\
\x89\x09\x00\x92\x24\xa9\x77\xbe\x2b\x96\x24\xa9\x83\x0c\x00\x92\
\x24\x75\x90\x01\x40\x92\xa4\x0e\x32\x00\x48\x92\xd4\x41\x06\x00\
\x49\x92\x3a\xc8\x00\x20\x49\x52\x07\x19\x00\x24\x49\xea\x20\x03\
\x80\x24\x49\x1d\x64\x00\x90\x24\xa9\x83\x0c\x00\x92\x24\x75\x90\
\x01\x40\x92\xa4\x0e\x32\x00\x48\x92\xd4\x41\x06\x00\x49\x92\x3a\
\xc8\x00\x20\x49\x52\x07\x19\x00\x24\x49\xea\x20\x03\x80\x24\x49\
\x1d\x64\x00\x90\x24\xa9\x83\x0c\x00\x92\x24\x75\x90\x01\x40\x92\
\xa4\x0e\x32\x00\x48\x92\xd4\x41\x06\x00\x49\x92\x3a\xc8\x00\x20\
\x49\x52\x07\x19\x00\x24\x49\xea\x20\x03\x80\x24\x49\x1d\x64\x00\
\x90\x24\xa9\x83\x0c\x00\x92\x24\x75\x90\x01\x40\x92\xa4\x0e\x32\
\x00\x48\x92\xd4\x41\x06\x00\x49\x92\x3a\xc8\x00\x20\x49\x52\x07\
\x19\x00\x24\x49\xea\x20\x03\x80\x24\x49\x1d\x64\x00\x90\x24\xa9\
\x83\x0c\x00\x92\x24\x75\x90\x01\x40\x92\xa4\x0e\x32\x00\x48\x92\
\xd4\x41\x06\x00\x49\x92\x3a\xc8\x00\x20\x49\x52\x07\x19\x00\x24\
\x49\xea\x20\x03\x80\x24\x49\x1d\x64\x00\x90\x24\xa9\x83\x0c\x00\
\x92\x24\x75\x90\x01\x40\x92\xa4\x0e\x32\x00\x48\x92\xd4\x41\x06\
\x00\x49\x92\x3a\xc8\x00\x20\x49\x52\x07\x19\x00\x24\x49\xea\x20\
\x03\x80\x24\x49\x1d\x64\x00\x90\x24\xa9\x83\x0c\x00\x92\x24\x75\
\x90\x01\x40\x92\xa4\x0e\x32\x00\x48\x92\xd4\x41\x06\x00\x49\x92\
\x3a\xe8\xff\x03\xfb\x50\xb1\x0d\x6f\xf4\x5a\xa3\x00\x00\x00\x00\
\x49\x45\x4e\x44\xae\x42\x60\x82\
"

qt_resource_name = b"\
\x00\x05\
\x00\x73\x5e\x63\
\x00\x6c\
\x00\x6f\x00\x67\x00\x6f\x00\x73\
\x00\x06\
\x07\x03\x7d\xc3\
\x00\x69\
\x00\x6d\x00\x61\x00\x67\x00\x65\x00\x73\
\x00\x11\
\x04\x92\x67\x67\
\x00\x63\
\x00\x6f\x00\x6e\x00\x76\x00\x65\x00\x79\x00\x6f\x00\x72\x00\x2d\x00\x62\x00\x65\x00\x6c\x00\x74\x00\x2e\x00\x70\x00\x6e\x00\x67\
\
\x00\x0f\
\x0a\x5c\x46\x47\
\x00\x72\
\x00\x6f\x00\x62\x00\x6f\x00\x74\x00\x69\x00\x63\x00\x2d\x00\x61\x00\x72\x00\x6d\x00\x2e\x00\x70\x00\x6e\x00\x67\
\x00\x0a\
\x0c\x91\x67\x27\
\x00\x63\
\x00\x61\x00\x6d\x00\x65\x00\x72\x00\x61\x00\x2e\x00\x70\x00\x6e\x00\x67\
"

qt_resource_struct_v1 = b"\
\x00\x00\x00\x00\x00\x02\x00\x00\x00\x01\x00\x00\x00\x01\
\x00\x00\x00\x00\x00\x02\x00\x00\x00\x01\x00\x00\x00\x02\
\x00\x00\x00\x10\x00\x02\x00\x00\x00\x01\x00\x00\x00\x03\
\x00\x00\x00\x00\x00\x02\x00\x00\x00\x03\x00\x00\x00\x04\
\x00\x00\x00\x22\x00\x00\x00\x00\x00\x01\x00\x00\x00\x00\
\x00\x00\x00\x4a\x00\x00\x00\x00\x00\x01\x00\x00\x29\xb2\
\x00\x00\x00\x6e\x00\x00\x00\x00\x00\x01\x00\x00\x7d\xf6\
"

qt_resource_struct_v2 = b"\
\x00\x00\x00\x00\x00\x02\x00\x00\x00\x01\x00\x00\x00\x01\
\x00\x00\x00\x00\x00\x00\x00\x00\
\x00\x00\x00\x00\x00\x02\x00\x00\x00\x01\x00\x00\x00\x02\
\x00\x00\x00\x00\x00\x00\x00\x00\
\x00\x00\x00\x10\x00\x02\x00\x00\x00\x01\x00\x00\x00\x03\
\x00\x00\x00\x00\x00\x00\x00\x00\
\x00\x00\x00\x00\x00\x02\x00\x00\x00\x03\x00\x00\x00\x04\
\x00\x00\x00\x00\x00\x00\x00\x00\
\x00\x00\x00\x22\x00\x00\x00\x00\x00\x01\x00\x00\x00\x00\
\x00\x00\x01\x97\x6e\x55\x2e\xbc\
\x00\x00\x00\x4a\x00\x00\x00\x00\x00\x01\x00\x00\x29\xb2\
\x00\x00\x01\x97\x6e\x59\xdd\x5b\
\x00\x00\x00\x6e\x00\x00\x00\x00\x00\x01\x00\x00\x7d\xf6\
\x00\x00\x01\x97\x6e\x5a\x1d\xf6\
"

qt_version = [int(v) for v in QtCore.qVersion().split('.')]
if qt_version < [5, 8, 0]:
    rcc_version = 1
    qt_resource_struct = qt_resource_struct_v1
else:
    rcc_version = 2
    qt_resource_struct = qt_resource_struct_v2

def qInitResources():
    QtCore.qRegisterResourceData(rcc_version, qt_resource_struct, qt_resource_name, qt_resource_data)

def qCleanupResources():
    QtCore.qUnregisterResourceData(rcc_version, qt_resource_struct, qt_resource_name, qt_resource_data)

qInitResources()
